episode,total_reward,total_energy_cost_p,avg_comfort_penalty
0,-1529.989748793579,1475.3092610819936,0.5695884136623482
1,-1794.728422366538,1649.6965832065712,1.510748324582999
2,-1645.302024110343,1490.075686450988,1.6169410172849352
3,-1934.7555864897251,1760.7715823227277,1.8123333767395637
4,-1635.1985866313944,1621.4286601972426,0.14343673368908275
5,-2154.143393694467,1591.330890692908,5.862630239599575
6,-1760.92590496798,1578.445349704435,1.9008391173285935
7,-1771.3122449841728,1621.0227902259069,1.5655151537319423
8,-1728.548492263496,1464.8173550455401,2.7471993460203747
9,-1999.0506217486325,1813.9328110953297,1.9283105276385741
10,-1639.706122767397,1560.8884185539498,0.8210177522234074
11,-1485.673675193003,1428.4007709394982,0.5965927526406757
12,-1777.8622270883413,1736.1380586717378,0.43462675433962167
13,-1819.4643094364087,1608.421971402359,2.198357687854687
14,-1939.963495662027,1643.7037314132715,3.0860392109245365
15,-1620.167541928391,1426.6099975202371,2.0162244209182707
16,-1703.9077227350463,1475.3246812127827,2.3810733491902423
17,-1454.143610654178,1437.537584492448,0.17297943918468353
18,-1764.9314504705344,1734.0629018079862,0.3215473819015407
19,-1553.4344605050894,1511.9557360222943,0.432070046695783
20,-1431.0665854359625,1375.430807898019,0.5795393493535711
21,-1322.47508949221,812.4783015744473,5.312466540810024
22,-839.0935698136283,352.8145872840254,5.065406068016698
23,-1786.6053168254077,236.97295378925833,16.14200378162655
24,-917.365124781777,207.133503141186,7.398246058756155
25,-1168.3850858288795,187.5697190347343,10.216826737439012
26,-1150.4710492306044,198.52044353313312,9.91615214268199
27,-921.7429730253612,204.20763296420523,7.474326458970374
28,-1692.5730502095287,168.63423901191453,15.874362616641813
29,-1518.5540187152988,181.36544664269994,13.929047625756239
30,-2190.3292012729776,190.4027979153609,20.832566701641838
31,-966.6270184950309,187.74946058026853,8.113307894945443
32,-729.2981736780223,195.89396649358287,5.5562938248379075
33,-2392.586594174116,195.19000469188904,22.889547807106524
34,-761.8663458388811,175.6635398644092,6.106279228900751
35,-809.2645131800881,180.0691242284171,6.55411863491324
36,-1033.89736651863,169.85308475562607,9.000461268364623
37,-852.6880648478024,183.26296773261024,6.973178094949918
38,-594.0453505523171,190.82112277708387,4.200252372658679
39,-929.0884439853035,192.83191915698492,7.669338800294985
40,-1250.6705542809214,235.9750550645802,10.569744783503554
41,-673.5319369066552,200.17185273591716,4.930834210111855
42,-1375.3366454776265,254.25512614617418,11.677932493035955
43,-2114.6878990860864,596.0593129237586,15.819047772524248
44,-1806.7064017875334,508.0967186901855,13.52718419893071
45,-779.7321380757509,281.29265954504905,5.192077901361476
46,-857.8790603295818,288.75221165128715,5.928404673732235
47,-982.6423475128609,219.2958106810857,7.951526425330992
48,-2261.9113881519143,1150.3245616338631,11.57902944289638
49,-1623.7689636455307,536.7221947686434,11.323403842467576
50,-1170.2060798219181,230.23250021759154,9.791391454211734
51,-1492.4048761614656,477.77587446255416,10.569052101030334
52,-1499.3408617040632,544.2873171500631,9.948474422437497
53,-831.7283417027294,276.19421788367634,5.786813789781803
54,-790.348183018873,262.4333732551921,5.499112601705008
55,-1050.9353652957707,348.8669161798356,7.313213011624321
56,-1079.4601039715355,376.64020338584317,7.321040631100959
57,-1254.448790759419,305.9516361163363,9.880178694198777
58,-1679.0495341753538,786.7391503024525,9.294899832009394
59,-1088.3117564391796,275.0805644668536,8.471158249711731
60,-1849.529902191683,890.8701875614692,9.986038694064728
61,-1152.5597832098902,296.5031745839917,8.91725633985311
62,-1173.5375176586817,526.5026401582733,6.739946640629253
63,-1063.142156501699,609.3548500899037,4.726951108456202
64,-985.9160534822284,448.67348755746787,5.5962767283829224
65,-1344.2884029074503,452.72271269978086,9.287142606329885
66,-1294.81571516915,490.1797341243256,8.381624802550254
67,-1645.9385236008193,976.5082389447824,6.973232131833715
68,-1402.5411090270668,542.2420568069488,8.961448460626237
69,-1012.3192680900808,470.71485085064523,5.641712679577452
70,-1111.6941064288917,439.8739419805242,6.998126713003827
71,-761.2768524778287,502.3535106367432,2.6971181441779755
72,-1522.3761065113997,670.0202484537289,8.878706854767405
73,-1019.829928736904,491.355805204281,5.504938786798156
74,-1340.0290757298503,546.2547452546603,8.26848260911656
75,-803.0748806640831,438.4077122531197,3.7986163376142006
76,-1646.5165473709876,732.4821803678219,9.521191322949642
77,-999.8216726072953,574.6207892021685,4.429175868803405
78,-1480.006221091359,662.8215008379618,8.51234083597289
79,-1745.6081134426488,634.7654582665612,11.571277658084249
80,-889.5525771884102,348.81404163152257,5.632693078717579
81,-1823.508831785087,883.5204720294108,9.791545414121632
82,-994.1484396803039,392.66978470426255,6.26540265600043
83,-1546.6076315853434,506.2658363501227,10.836893700366884
84,-1391.2508366696845,485.58926969392735,9.433974655997467
85,-2004.9928395315505,474.6795862985274,15.940763054510654
86,-1544.7776289176545,431.0865920840264,11.60094830035029
87,-1008.03390287088,343.62235823879075,6.920953589917595
88,-1311.543900083759,428.6113801192697,9.197213749630093
89,-1626.5068249806318,483.6533803948462,11.904723381101933
90,-1773.2096367841946,438.9853876939429,13.898169261356784
91,-1380.387226621622,332.3365101376011,10.917194963375218
92,-1409.6175950580807,354.7062069257348,10.988660293045271
93,-1345.5730817443598,320.8587394697715,10.674107732026961
94,-968.9899636680368,335.6094513867628,6.597713669596604
95,-1644.4232064065307,332.82272912494204,13.662504971683207
96,-1964.79243659705,405.4176215611096,16.24348765662437
97,-878.903646707503,292.8215065450237,6.105022293359159
98,-796.7492282307876,273.1284867465898,5.454382723793727
99,-749.5111441145482,277.1605862118263,4.920318311486685
100,-979.063694737613,345.78515245033486,6.596651482159145
101,-1318.0800221073819,293.1277352368324,10.676586321568223
102,-2091.837124757369,376.2408550905415,17.870794475696126
103,-1708.382142402254,379.8642018411473,13.83872854751153
104,-1603.9214667628985,317.6479607663555,13.398682354130658
105,-1151.1322735475578,287.6121500162963,8.995001286783975
106,-1220.4523830984663,255.89927781161646,10.047428180071353
107,-2069.826356152595,444.3583553004166,16.931958342210198
108,-988.3512907266914,207.11086562362584,8.137921094823598
109,-1044.915979945949,305.99178316700886,7.697127049780627
110,-905.2665943595418,221.86416222460056,7.118775334738973
111,-1063.616810923339,239.53641694662937,8.584170770590724
112,-1300.3694249510468,269.4859881318823,10.738369133532965
113,-1831.6828843390495,263.9280866140291,16.33077914296896
114,-1090.2828265453695,307.3563187431733,8.15548445627288
115,-1210.1597822350213,199.15370832748204,10.531313269870198
116,-1224.4361694807703,187.66779968976385,10.799670518656313
117,-1453.0366751662457,190.87340398970176,13.147534074755661
118,-767.1352292992848,204.82850542900627,5.857361706982066
119,-907.1896794414333,180.82032037956907,7.566347490227756
120,-1270.5612295664944,185.46724404734178,11.30306234915784
121,-647.6764065668951,200.52884835099422,4.657787064748969
122,-1030.1146997040544,272.9058582632751,7.887592098341451
123,-1862.3532550852112,250.2844739945568,16.792383136360986
124,-1024.2228713836214,197.57221835563053,8.610944302374905
125,-1008.1664573665552,238.38768732196036,8.018528854631194
126,-1835.127935012412,300.34298437645725,15.987343235791199
127,-1247.957855764194,209.18964949868746,10.820502148599026
128,-1883.6983268007557,280.2650922572539,16.702429526494807
129,-1481.3377767463992,290.7835367080526,12.401606667066112
130,-746.4266203487767,198.2344701891583,5.710334897496022
131,-821.2102767158301,173.667644511816,6.74523575212515
132,-1600.9064396228664,272.11949159017263,13.841530708673888
133,-2285.302050365503,430.7263067619039,19.318497329204153
134,-1229.6933335900671,248.00058424341097,10.225966139027667
135,-1865.3835913806613,422.2873669972967,15.03225233732671
136,-708.9269506893891,203.5101520195057,5.264758319477951
137,-601.0166638143842,203.59498734231536,4.139809129917382
138,-862.466857653352,186.1194642388458,7.045285348067772
139,-1346.4147371576846,274.3648807125937,11.167186004636365
140,-670.5518286630291,173.0531799347013,5.182277590920081
141,-1488.9971471870656,316.91312928569135,12.209208519805982
142,-874.1522917326847,201.3269581977219,7.008597224322529
143,-2111.52495009322,299.23626967205234,18.878007087720498
144,-1031.483717570352,208.42291685554198,8.573550007445935
145,-1701.7831061436048,412.5039441777057,13.429991270478112
146,-927.9333433781057,219.0272823090575,7.384438136135917
147,-660.7663182348628,197.7935475998986,4.822633027447543
148,-1448.538930178525,281.44090629147234,12.157271082156797
149,-1949.9177631514294,345.584523033157,16.71180458456534
150,-731.7551405542137,179.45934076889102,5.753081247763775
151,-1193.0443202582892,335.2513831845761,8.935343094517846
152,-1726.328683066686,479.6489001241482,12.98624773898477
153,-778.1079249705713,197.61481415536048,6.046803237658447
154,-1114.0039877427444,238.9257002873129,9.115398827660742
155,-576.7338326274753,193.86754555784054,3.9881904903086958
156,-952.9852824654754,182.8402103896486,8.022344500789861
157,-805.5209094844919,233.99023760183348,5.953444498777691
158,-836.6184196128085,202.64044734510824,6.603937211121875
159,-1613.4943732220338,494.45714990607826,11.656637742874542
160,-1043.5381455363918,253.32752330408786,8.231360648253169
161,-910.3488150893453,179.94007142191563,7.6084244132023935
162,-1217.6799268536756,389.40303592403626,8.627884280517076
163,-1464.2862268835624,376.7941915344377,11.32804203488672
164,-887.9024575072087,190.213297286805,7.26759541896254
165,-615.5709137563549,200.1380847241091,4.327425302419227
166,-1000.9288712101439,268.2541861678142,7.632027969190934
167,-678.394052833016,193.20744880393667,5.05402712530291
168,-806.75971836855,201.98396509729633,6.299747429908895
169,-1090.6261234223325,260.9602633104055,8.642352709499237
170,-596.8649492257881,188.40826522640606,4.254757124993563
171,-1081.363682503506,196.32807018986028,9.219120961600476
172,-1525.4445725074584,333.00062681905285,12.421291100920891
173,-1206.0464752577118,278.5618956895741,9.66129770383477
174,-1276.989775024401,349.3354636204015,9.663065743791662
175,-1472.2682943653356,302.2764333035378,12.18741521939373
176,-829.4247767155949,204.9503598572465,6.50494184227446
177,-930.4527777849704,186.29832485029078,7.751608884736249
178,-1139.261058496515,355.2885260792088,8.166380546013606
179,-1243.58248715761,239.85127195825433,10.455533491659956
180,-841.7381300820268,217.73540820595565,6.500028352875741
181,-1532.340212372326,333.84198008348494,12.484356586342093
182,-990.8031001631714,205.96699606995958,8.17537608430429
183,-638.1145324593984,176.09729490493902,4.812679557858952
184,-1316.2316678281343,360.1392633015222,9.959295880485538
185,-880.1948307778306,183.8192188907576,7.253912623823676
186,-695.0244297011606,196.86208619968966,5.189191078140323
187,-1588.9257858436958,269.14478703608535,13.747718737579277
188,-1376.8763464502483,210.89589927907613,12.145629658033046
189,-975.3781585491523,185.0837583937698,8.2322333349519
190,-1299.4106863609168,245.31627470583305,10.980150121407126
191,-1001.0105893220092,172.6819347082262,8.628423485560239
192,-1276.8632419466512,249.97712277570824,10.696730408030653
193,-1323.037093673729,291.2582325401286,10.74769647014167
194,-1563.0368168382952,338.44599843163166,12.756154358402748
195,-763.8245307444363,204.74903609050452,5.823703069311789
196,-1407.7722519905037,323.85171316352273,11.29083894611439
197,-867.5060849477941,174.02884184497069,7.223721282321077
198,-967.5297150058009,188.82854486400197,8.111470522310405
199,-657.1398969125287,191.24100185134873,4.853113490220625
200,-1309.2477525486308,363.66752597099963,9.84979402685032
201,-1459.2196997700566,418.9375093580828,10.836272816791391
202,-1034.1115930604237,218.10109269462606,8.500109378810395
203,-1116.740208757285,228.24433585289256,9.255165342754088
204,-756.218074701951,185.12961354415438,5.948838137060382
205,-1189.197077743157,316.14081802008764,9.094336038781972
206,-668.0141183384361,183.84019649091132,5.043478352578383
207,-592.1236734301806,189.0363112774842,4.198826689090587
208,-1522.200876671443,380.82045429008224,11.889379399805842
209,-1188.13906862691,279.95353677549076,9.460265956785618
210,-1027.6583275201963,219.95695438721322,8.41355597013524
211,-1193.5231330542772,344.2961834006747,8.846114058891693
212,-1332.8025557956425,393.5861276066479,9.783504460302032
213,-682.4089294039626,170.05601777643992,5.33700949612003
214,-908.033659905479,169.04672718354323,7.697780549186831
215,-1476.438983543741,361.28352654254616,11.616202677095783
216,-848.6820136437107,201.10214849839247,6.745623595263733
217,-1068.7815191309746,258.5581973197618,8.439826268866799
218,-714.4719585342666,170.74152941438138,5.66385863666547
219,-1141.5562236064995,263.9649140376134,9.141576141342563
220,-1334.4039070453136,212.96997444400333,11.681603464596982
221,-1514.2870591663416,453.0950280895621,11.05408365704979
222,-1374.0781966337943,380.8584841744142,10.346038671451876
223,-919.371013896369,233.48556050927328,7.144640139448911
224,-951.915537565894,265.77629568116913,7.147283769632551
225,-1157.471083417124,226.39578381632109,9.698701037508362
226,-1406.0948726874246,364.0057113259015,10.855095430849202
227,-681.917910046794,257.1761572260772,4.4243932585491335
228,-1050.6050755412973,385.27445769706077,6.930527269210796
229,-1233.9828840799644,428.57236280066036,8.389692929992753
230,-1150.8875204395067,221.00839288634162,9.686240912012137
231,-1436.9814691467432,372.96278933789387,11.083527914675516
232,-828.4610603786808,254.6101015247463,5.977614154728481
233,-1313.2532981399156,350.749484261684,10.026081394564912
234,-1006.7929033593048,188.63661647024725,8.522461321761016
235,-1423.6839830814467,346.8457395458647,11.217065036828979
236,-1421.9764179900208,308.93590516730893,11.594172008569913
237,-1198.6279395204651,203.21686050694956,10.368865406390787
238,-1144.8644607805898,241.5388137648498,9.409642156413957
239,-1163.1912572029378,273.467111943713,9.267959846450259
240,-1159.5671126578334,354.93987835339584,8.38153369067122
241,-1603.8581372695098,434.96927119703435,12.175925688254956
242,-1175.4865343469583,287.8687031686248,9.246019074774308
243,-1098.8110600155944,243.86634086349844,8.90567415783433
244,-1581.0013299955197,388.33614584086195,12.423595668277686
245,-1440.6152791294521,400.8852625881024,10.830521005639062
246,-1143.1512231134893,339.82434590207356,8.36798830428558
247,-767.2571262571697,189.70529811895952,6.016164876439689
248,-1009.0047344978672,305.0285109426981,7.33308566203301
249,-1057.6555216029842,179.28866890137382,9.149654715641773
250,-852.3033181721819,211.02268399942713,6.680006605966195
251,-1099.3291985708015,327.3743594247777,8.041196241104414
252,-1183.4138139540344,338.5440154183641,8.8007270680799
253,-587.859796616802,197.21839779260878,4.069181237752011
254,-856.1502157671405,198.08650503579804,6.85483032011815
255,-1148.3940591634966,307.76773877102903,8.75652417075487
256,-1405.8004920333162,359.2987024923176,10.901060307718737
257,-878.7300037134225,272.17917694925393,6.318237778793427
258,-931.7999559215194,233.47028547647915,7.274267400469172
259,-1113.211641315182,184.79030251390793,9.671055612513275
260,-1473.8525832408855,316.6615251734097,12.054073521536205
261,-1006.1707610380688,250.25250856847146,7.874148463224976
262,-1422.24047119474,305.21974153662563,11.635632600605355
263,-1381.7390720794879,430.8080343496694,9.90553164301894
264,-1051.9885156605449,256.3108531005861,8.28830898499957
265,-893.1688383326648,243.5731250467417,6.7666220133950326
266,-1342.1797813427556,256.76778089272517,11.306375004687817
267,-1234.3505252362793,393.4365728749112,8.759520337097586
268,-977.4970437591444,180.5601648397837,8.301425822076673
269,-968.945881494698,214.92991793021872,7.8543329537966615
270,-925.4271988102172,254.27461458453658,6.991172752350842
271,-1115.4345038261722,278.8240100929397,8.714692643054503
272,-667.5902371697831,189.08815182838046,4.984396722306277
273,-1344.6440790538413,336.9408541616372,10.496908592627124
274,-1159.065569642212,263.9287496853444,9.324341874550704
275,-547.9147420693173,192.56321969288473,3.7015783580878403
276,-949.5171567885955,235.06149154705696,7.442246512932694
277,-1162.6161380936412,321.40044887199036,8.762663429392196
278,-1205.2353530313671,302.569369410554,9.402770662716803
279,-1433.0115956797363,289.3445157834747,11.91319874891939
280,-1686.7220864434455,338.405025946971,14.04496938017161
281,-1156.4385770709468,272.0881583920739,9.211983527904923
282,-1356.7510271442811,385.7894510530729,10.11418308428342
283,-1711.3175997171516,314.37593683558055,14.551475655016361
284,-1031.7611961828325,179.3281952000637,8.879510426903842
285,-1018.5849098498943,299.83748599661646,7.486952331804976
286,-1098.141561866541,388.52896235229787,7.391797911606701
287,-974.8745403773551,189.34180983934615,8.182632609770925
288,-808.0874230207928,176.93182778361776,6.57453745038724
289,-991.2075791895134,292.46775829105593,7.278539801025599
290,-836.9076009055822,202.52301643436675,6.608172754908494
291,-1037.127100562154,231.39473002384375,8.39304552644073
292,-1256.9718187291517,288.58767362257106,10.087334844860214
293,-895.3021128902029,187.4715584020599,7.373234942584823
294,-980.810367138721,185.82265429253334,8.281122008814455
295,-947.5012257811547,214.9559150467269,7.6306803201502875
296,-995.9224337002435,218.94995298938466,8.093463340738117
297,-947.2383675132841,180.62268862691963,7.985579988399629
298,-972.9297595022822,196.19629756814345,8.090973561813946
299,-1223.3177293905505,262.31664026393724,10.010428011735556
300,-991.6696268350231,266.9872906301317,7.548774335467616
301,-1430.4057527479472,383.497849655349,10.905290657214564
302,-838.5723710696477,185.1296243128925,6.806695278716201
303,-982.669943612097,235.20976551047067,7.786043521891941
304,-1192.493460632622,256.9771011458613,9.744962077987092
305,-950.0221793837061,254.04170204914087,7.24979663890172
306,-745.0707834944246,179.27599715903492,5.893695690993641
307,-1132.605180066528,244.119134441499,9.255062975260719
308,-811.2684872984192,176.9380713941287,6.607608499003025
309,-951.5888009422065,236.71388110829764,7.446613748269883
310,-809.9220425623729,182.21380102859592,6.538627515976845
311,-1330.9500121377507,318.3029126351692,10.548407286485226
312,-938.5502680142765,279.63652748046104,6.863684797227243
313,-869.0233704469969,324.7100897923749,5.669930006818979
314,-672.4550247542417,197.9434577437268,4.942828823026198
315,-801.6040230630971,227.67406542433156,5.97843705873714
316,-1269.0483559863574,359.7349318130738,9.47201483513837
317,-896.2029254216943,312.2459673757887,6.082884979644853
318,-994.0844756596969,204.57469031775582,8.224060263978552
319,-813.4831827660272,185.38293938592278,6.542710868542755
320,-1170.4104204029636,283.06849686821784,9.243145036820268
321,-864.4088198816083,184.65840486506676,7.080733489755641
322,-1757.9866386560445,413.0165581574773,14.010105005193402
323,-1221.0989933473384,306.7307690112766,9.524669003500646
324,-1352.6076844510817,359.81653482234907,10.341574475299302
325,-1335.5238433998695,357.9078157045535,10.183500288492878
326,-753.2116586596308,187.59645211886726,5.891825068132952
327,-543.465132909737,176.61426172503732,3.8213632415072873
328,-807.114283129109,198.83624415282753,6.336229572669598
329,-801.960396507357,294.25709706733414,5.288576035833571
330,-747.3478204522179,188.6452201060755,5.819818753605649
331,-870.133671293542,268.04462564880015,6.271760892132726
332,-945.0732297959696,262.66135241596754,7.108457056041687
333,-1073.122038856712,335.7519321804018,7.680938611211566
334,-1202.0130144848665,390.0541321963095,8.45790502383914
335,-1302.0631845316107,272.6721699904374,10.722823068137224
336,-978.3926126738314,315.48480845361814,6.905289627293887
337,-727.5769956592186,200.38748604811445,5.491557391782336
338,-690.0982291532384,199.52692115595374,5.110117791638383
339,-751.1922758272008,185.54848595267038,5.892122811193027
340,-733.5042974308319,197.71331330907046,5.581156084601681
341,-1178.8582439160814,392.1267679518837,8.195119541293726
342,-905.1762122074606,329.4838753844018,5.996795175240194
343,-919.5542489527755,283.71412312621123,6.623334644026713
344,-555.3381170075812,229.12016825814896,3.3981036328065843
345,-880.4232075858727,209.40873927474482,6.989734044907581
346,-688.9493370076838,191.38776035262316,5.1829330901568795
347,-788.9306908135768,207.04714344263613,6.061286951780633
348,-852.8213233632594,176.55316650590726,7.044459967264082
349,-761.1224008593913,178.70395246644097,6.066858837426565
350,-986.7648794195705,174.46506557533078,8.461456394210831
351,-984.2501699032144,305.1180932116872,7.0742924655367405
352,-828.2796995303272,268.14020790574386,5.834786371089408
353,-807.9498666767014,211.94735517489028,6.208359494810534
354,-738.3017708879879,189.40661200750526,5.717657905005031
355,-1136.2566485178713,302.12708356400617,8.688849634936096
356,-968.7683690076071,193.50026800907335,8.075709385401392
357,-719.0746419831768,198.72515135869696,5.420307194004995
358,-538.6894312851675,186.90311202516017,3.6644408256250753
359,-1084.776838885368,226.92009273912564,8.936007772356692
360,-1050.0157576934384,337.093572477526,7.426272762665757
361,-1031.4218653122175,363.94664809811957,6.952866845980187
362,-1482.1776078885425,372.6021521930596,11.55807766349461
363,-1162.1590336599882,377.86528935912077,8.169726503134036
364,-864.9213497307474,215.25717325482128,6.767335171624232
365,-882.2638295294851,265.54295290000573,6.424175798223742
366,-1014.7961620941768,351.08242518286534,6.913684759492829
367,-1034.2870061706944,216.93862782889985,8.514045607727029
368,-1199.6688586331873,399.4126342100286,8.33600233774123
369,-745.0034474374311,202.33583214539024,5.652787659292094
370,-988.3053255173592,190.07709825361266,8.31487736733069
371,-837.2278501355759,184.57997682743226,6.798415346959828
372,-1122.7473160833274,272.9287204883235,8.852277037447953
373,-1225.764776927791,192.0009131482745,10.768373581036629
374,-856.1100069860393,182.15591282007077,7.020355147562171
375,-1100.510036910226,335.9482968224734,7.964184792580757
376,-680.9313666057245,175.77219135556507,5.26207474218916
377,-1044.1889888959427,208.7133259445636,8.702871489076864
378,-1014.8226013309105,255.1953138463212,7.912784244631141
379,-914.8997870475987,244.3482851129451,6.984911478485973
380,-1262.4154264840843,399.59721379988184,8.987689715460444
381,-887.9507515695384,169.49235529242753,7.48394162788657
382,-1149.4769128825674,378.6864263190432,8.029067568370042
383,-763.0491842274653,196.45178042918383,5.902056289565429
384,-779.6226156161896,194.17882501958948,6.098372818714583
385,-981.7010689178134,252.33242553885637,7.597590035197469
386,-694.2349361077618,177.59557249169075,5.381660037667408
387,-989.658512465721,330.32373627829935,6.868070585285643
388,-1306.5498651436815,415.5620948611986,9.281122607109197
389,-1053.6642691249008,384.8245116900148,6.967080806613395
390,-1259.446100102082,342.1701322911599,9.554957998030439
391,-1096.6502858457038,304.3003172321356,8.253645506391337
392,-896.4568403847102,190.22137574286444,7.356619423352558
393,-1347.5226512126987,341.26027602122355,10.481899741577864
394,-996.3253354214958,197.65143695951528,8.31951977564563
395,-1056.6655295961477,392.17141896540795,6.921813652403546
396,-977.5963032991175,179.8998034472047,8.309338540124086
397,-569.5840558016914,221.75612988688312,3.623207561612588
398,-1293.7628999695835,502.8038071762966,8.239157216596743
399,-1278.2582747901422,414.7174465677972,8.995216960649428
400,-1155.8279729353671,444.0401877689186,7.414456095483839
401,-951.0632822941885,187.0224188866103,7.958758993828941
402,-859.2776261498794,193.013450003542,6.940251834857684
403,-869.9318094231503,174.10681803883807,7.248176993586584
404,-1212.563999779311,505.01936750827394,7.370256586156636
405,-782.0299721793148,239.99665212690192,5.646180417212634
406,-1137.8957372364898,305.08741890415797,8.67508664929512
407,-1425.8129535483663,443.7244318580232,10.230088767607741
408,-689.8278216342939,207.67897881715868,5.022383779345158
409,-606.0918542345304,176.17471327781055,4.478303551632499
410,-1004.6530386325177,183.2688840382715,8.556084943690065
411,-1018.0513064063114,288.3851862268638,7.600688751869247
412,-1277.1411035690776,201.66959982642464,11.202828163985968
413,-822.5426094897406,218.67040472123736,6.2903354663385755
414,-924.492602762132,171.1897616446165,7.846904594974119
415,-1060.4141202738401,206.5094546929778,8.894840266467314
416,-988.3447030512234,198.88539113310978,8.223534499147016
417,-902.2939442949332,204.71088836680357,7.266490165918018
418,-969.4083283512794,290.68021469659413,7.070084517236306
419,-1079.1628606713089,268.40065713396,8.445439620180721
420,-619.0027583309507,230.2820455700039,4.049174091259864
421,-1272.0624941403248,272.8606947941531,10.408352076522617
422,-983.6722939176415,178.76864190444354,8.384413041804146
423,-839.3075333632636,189.20651600182123,6.771885597515024
424,-584.4132804102707,274.12225559689114,3.23219817513937
425,-992.913248196276,196.7803845791939,8.293050662677937
426,-1235.0045374282906,462.1082542769485,8.051002949493144
427,-1124.872642550269,242.9118151232383,9.187091952364902
428,-1257.5020255578702,355.2110410593468,9.398864421859619
429,-1004.1303268426497,212.54987357412847,8.245629721547095
430,-644.489754965541,184.33936143174682,4.793233265977025
431,-1154.1034068000022,260.59103854752425,9.307420502629975
432,-657.3540211206879,237.34312623180088,4.375113488425909
433,-1056.5813654416233,285.5519726354066,8.031556175064756
434,-723.6524501033134,195.39053202652727,5.502728313299855
435,-1125.414408349855,394.17878925438373,7.617037698911159
436,-1298.2263719506748,477.8722083161851,8.545355871192596
437,-921.2145770632934,210.28410389053025,7.405525762216282
438,-1212.5534593381262,193.11436892521397,10.619157191801172
439,-984.0837535835794,291.2632184837307,7.21688057395676
440,-1188.6741728298437,324.4810217820051,9.002011990081654
441,-1220.2433226552507,476.96592634405215,7.7424728782416485
442,-1060.8281738467385,322.5726739859188,7.690161456883536
443,-759.2586063433336,169.83898356869997,6.139787737235767
444,-1265.2009511147066,372.8847016044505,9.294960932398503
445,-1041.8740133467034,283.54042971623574,7.8993081628173725
446,-1063.102419942112,204.18880624739546,8.947016809319965
447,-1115.9024457091666,228.61995928812567,9.242525900219173
448,-1043.6064192979306,202.45614489871173,8.761982024991866
449,-532.1201829735058,197.61588726884318,3.484419746923571
450,-1202.2602834574943,301.3511583239462,9.384470053474459
451,-542.0152698259899,195.60448358930256,3.6084456899654906
452,-1220.0709644404785,275.33614699993836,9.840987681672294
453,-1023.2631104765234,275.7935800296581,7.7861409421548435
454,-1020.3241190106729,213.4966867984437,8.404452418877387
455,-1216.67295754369,374.0220929559282,8.777613172789188
456,-1341.942217722224,399.81659366176564,9.813808583963107
457,-679.5124412920803,176.42329573279255,5.240511932909247
458,-1196.7527708169116,203.49617606044723,10.346422862046504
459,-876.4465331218406,179.76115849124056,7.257139319068751
460,-583.2936269500981,204.61407057511212,3.9445787122394376
461,-655.6622752687047,199.91207710076858,4.747397897582666
462,-1018.6703939799411,238.66016699056757,8.125106531139307
463,-773.5219405167975,177.23048319464647,6.21136934710574
464,-1170.0520417943567,245.09754689777344,9.634942655172747
465,-822.0198658891046,181.63701092575468,6.670654739201563
466,-1014.1355668202906,175.65777825910402,8.734143630845692
467,-1093.2433048036141,235.7346868274205,8.932381437252015
468,-764.3873356585123,203.35839843499642,5.844051429411626
469,-970.9523393685021,235.66051561865456,7.659289830727579
470,-1092.8611391810525,428.20005917127463,6.923552916768521
471,-1115.2640639486922,278.24134669961865,8.718986638011181
472,-1044.1222219499364,314.5562140631822,7.599645915487025
473,-963.7504696473917,218.16430989298738,7.766522497441709
474,-1177.064236882037,326.10834134705976,8.864123911822686
475,-609.0072700363071,233.29548167914348,3.913664462053786
476,-1102.9188608071352,293.43553246635236,8.432118003549816
477,-1105.2392619903803,272.9975159134917,8.669184854967588
478,-622.0572551526197,176.17231006013907,4.644634844713341
479,-1187.2808396965888,329.29608958794915,8.937341146964995
480,-1084.8945550828823,267.51983033233586,8.51432004948486
481,-1023.7857515592221,264.12491516311127,7.9131337124594845
482,-1060.7851148297416,243.56332368314622,8.512726991110368
483,-714.6044632466115,233.65766070492938,5.009862526475854
484,-932.6632055041133,175.70940037108466,7.884935470135715
485,-1146.4683519454213,231.48834339243575,9.531041755760263
486,-993.1669367328416,217.17976759776417,8.08319967849039
487,-1258.9269744117355,449.0797770956009,8.4359083053764
488,-969.4410157234947,200.9084819514055,8.005547226792595
489,-1107.4945147502333,329.7056422437911,8.101967421942108
490,-552.5819274586979,214.59580175251557,3.5206888094393993
491,-1377.1646681298905,492.04292032621885,9.220018206288247
492,-1073.7828551064767,189.327519221086,9.213076415472822
493,-809.4656960379972,199.21172164680576,6.356812233241577
494,-720.4150129230957,220.58457536659674,5.206567057880197
495,-945.871597176331,267.98865143900696,7.061280684763788
496,-550.9966646307379,177.9759783616229,3.8856321486366148
497,-697.6610786158195,204.0829321900343,5.141439025268598
498,-1306.3379098570588,316.96801696789,10.30593638426218
499,-715.415457786685,231.5343643360177,5.040428056777785
500,-1055.302806268212,369.0701897523762,7.148256422039953
501,-1114.7096992835598,310.8938368679858,8.373081900162228
502,-593.9287864432265,168.7724351425344,4.4287119927155425
503,-1336.5628422047555,403.17595729841025,9.722780051107764
504,-997.2350479293591,290.3104166542025,7.3637982424495485
505,-1017.5604460160291,274.3403852637362,7.741875632836382
506,-1010.59444909937,213.4067756903765,8.304038264677015
507,-1186.4984505067666,466.38263335577693,7.501206428656142
508,-804.2529402577727,212.6949826744658,6.162062058159446
509,-1249.7890241641214,225.78166341566566,10.666743341129745
510,-1026.7376697213085,256.6800094653675,8.021433960999387
511,-546.9524985813727,248.25575150427812,3.111424448719736
512,-1460.5266540540233,375.99881699211255,11.297164969394904
513,-1041.6910773381019,344.80115626788665,7.259270011148076
514,-1055.9067613419647,257.6293620117864,8.315389576356024
515,-1117.9084000027547,210.88122304574358,9.448199759968862
516,-1095.7212709312855,215.6300943756144,9.167616422454905
517,-896.6818161070603,232.33346601531704,6.920295313455656
518,-881.7134382567118,235.08911440396253,6.735670040132804
519,-998.4980687588559,357.47118539991624,6.677363368322286
520,-917.0313898215218,294.90565279311613,6.480476427379226
521,-1004.6583944818883,198.37887989086607,8.398744943656483
522,-1060.1121945024688,333.67123724878917,7.567093304725823
523,-1076.7994657648837,231.77152362673345,8.8023743972724
524,-1079.1954240475786,228.12850541861238,8.865280402385062
525,-1033.347170524485,349.26789343308883,7.125825803035376
526,-977.6095937906823,232.38555452292556,7.762750409039132
527,-584.4624410638455,189.6543981995985,4.112583779835906
528,-1156.4111581296997,289.00334283980885,9.035498075936365
529,-870.1810807485184,198.7977377911382,6.993576489139378
530,-829.7314848558524,185.7292973320116,6.708356120040008
531,-1000.8660549069409,320.09380388713873,7.091377614789605
532,-818.0315607788838,243.5354365991047,5.984334626872699
533,-1215.9523068829674,354.0054493900774,8.978613098884274
534,-998.7229148563168,206.534292936681,8.251964811662873
535,-984.5722931845005,275.961435644271,7.381363099377393
536,-1245.78282390095,443.1836542782628,8.360408016902992
537,-1008.6354015400036,267.80731344720647,7.716959250966636
538,-900.925425341727,335.6460154163706,5.88832718672246
539,-974.1308222731273,279.1650474535623,7.239226821037133
540,-714.7409690380707,231.3616620966457,5.035201113973176
541,-558.5458147639404,186.6936994895351,3.873459534108386
542,-599.83256876391,213.26674045820351,4.026727378184441
543,-1106.4504392622616,241.6627641848971,9.008204948722545
544,-1026.448712853079,340.62607242321496,7.143985837811081
545,-1105.067770536879,341.9759474011399,7.9488731576639475
546,-616.8216788229207,285.63119477786364,3.4499008754693428
547,-876.6017472588578,182.4205752128271,7.231053875479489
548,-1183.8426944341838,333.08538292423066,8.862055328228678
549,-1038.8322527509874,329.980604794455,7.383871332880549
550,-870.8762037470395,225.68344113521027,6.720757943873221
551,-631.0575299984393,199.6435878509151,4.493895230703378
552,-1125.7488864818251,514.8217867683038,6.363823955349178
553,-1094.7138313834284,296.54165520398846,8.31429350186917
554,-931.5746213668154,196.5630031248888,7.656371023353402
555,-744.5631994210597,226.40488955090012,5.397482394480828
556,-848.2484159050423,244.59160985460363,6.288091729692069
557,-757.6058588062343,229.3261981888316,5.502913131431279
558,-920.9584540874478,257.7118357693383,6.908818940813645
559,-1033.1251619424058,270.8133120194898,7.940748436697042
560,-848.417079328652,278.4273482353574,5.93739303222182
561,-953.9168039825021,283.25200657443787,6.986091639667336
562,-1241.841502719522,409.2836202296454,8.672477942602884
563,-1195.491186971206,331.17102853118985,9.003334983750168
564,-1345.9870523690506,416.8906882519394,9.678087126219905
565,-803.1180197873417,300.07007320526554,5.240082776896626
566,-1179.375676919261,303.03695176496615,9.1285283870239
567,-835.6198442622486,307.18791481526193,5.504499265072774
568,-754.1230085656998,271.1030921187895,5.031457462988648
569,-1018.5502393875313,336.5455041093638,7.104215992480911
570,-656.4529295595413,230.87117952793312,4.433143229495917
571,-612.8379845453355,186.12410931742113,4.444936200290775
572,-960.0621145762358,311.7160746975807,6.753604582069322
573,-860.4234377921682,249.7540673455155,6.361139275485968
574,-1281.76821703564,416.59854247376416,9.012184110019534
575,-1054.2207801941174,295.36283182936177,7.904770295466204
576,-939.2635867772422,275.156301226045,6.917784224491637
577,-919.7188819949271,268.7785433551396,6.780628527497786
578,-728.3293991189374,230.16672200009089,5.189194553321317
579,-985.9405751087858,222.07683200832042,7.956913990629847
580,-623.3852680031034,213.0782734076145,4.274031193703011
581,-694.9792310589613,218.40881258923267,4.964275192393005
582,-665.6193861427577,222.93055381026772,4.611342003463435
583,-638.996437771518,229.42330789933945,4.266386769501861
584,-838.2571454009689,246.14008565735514,6.167886038995975
585,-592.105461777773,198.26519277947736,4.10250280206558
586,-1018.565418092147,334.27317410402543,7.128044208209599
587,-869.2596899466458,248.7537890787662,6.4636031340404125
588,-1289.8452684313215,414.20461055022986,9.12125685292804
589,-764.6770427371755,257.46224613176616,5.283487464639687
590,-1033.2293423212618,307.79391771354665,7.556619006330366
591,-1048.9996996836776,378.97884443603436,6.9793839088296155
592,-698.8728709272009,302.194774174935,4.132063507836103
593,-810.0865679697026,255.05164680635824,5.78161376211817
594,-1200.9417804090313,393.52886596069743,8.410551192170137
595,-823.3194412517031,236.85391562372183,6.10901589195814
596,-956.0076284192902,302.3998441654201,6.8084144193111475
597,-639.3681261865302,219.3327768450642,4.375368222306938
598,-648.6733965524205,283.56880724254427,3.8031728053112115
599,-816.0076543672454,343.0045339106363,4.927115838089677
600,-622.1877960218983,208.8042222967154,4.306078892970653
601,-1084.357677599588,382.09075891837495,7.315280402929299
602,-797.0625328352259,261.38263004777104,5.579998987369319
603,-818.4043116004269,261.3672070058162,5.802469839527194
604,-918.9185593966293,293.23440335484435,6.51754329210193
605,-1461.2937909338232,597.4274979367779,8.99860721871922
606,-839.3963317455682,218.13282523204782,6.471494859515836
607,-881.9357696168092,278.6496038739449,6.284230893154837
608,-642.8129674106979,308.59348500871624,3.481452941687307
609,-608.8472341261579,230.53143229386367,3.940789602419731
610,-1092.2667511703216,319.96628808617265,8.044796490459884
611,-650.2150551634221,245.45570591930147,4.216243221292925
612,-774.0665484446137,246.60248683053237,5.494417308480016
613,-483.61348798103484,266.0640439536084,2.2661400419523594
614,-653.4657512077805,232.7991130078742,4.381944147915694
615,-1035.7384855468229,436.7809110638262,6.239141400864547
616,-686.9205431454211,203.896839874977,5.0314969090671235
617,-943.988705625134,250.5971967612897,7.222828217331716
618,-1012.0409240767481,346.2424011476419,6.9354012805115275
619,-848.6747537376727,314.0642175902049,5.568859751536124
620,-540.6749464265125,200.5511639781452,3.542956067170494
621,-1167.16175123032,310.42994527095885,8.924289645410013
622,-464.2462787432144,193.8371571021499,2.816761683761087
623,-509.24287695641254,212.43685231846817,3.0917294233119197
624,-614.7261227757045,237.8018304059355,3.926294712185092
625,-591.0170618370184,224.15221562741368,3.8215088146833853
626,-1003.3123106964792,345.72695182280535,6.8498474882674385
627,-1183.9461361434512,427.5814177538933,7.878799149891228
628,-776.7769968581943,231.83737643799185,5.67645437937711
629,-1034.182610555333,339.31748977071913,7.238178341506395
630,-948.9681556281906,321.1445190784704,6.53982954739292
631,-864.1071108746478,272.0656435423536,6.167098618044729
632,-1132.8434752648689,307.8171469816099,8.594024252950609
633,-1468.668018812398,615.3810785524718,8.888405627707565
634,-531.2497042683946,222.14016249040242,3.2198910601874196
635,-1096.933061800964,362.0090937657449,7.655458000366868
636,-751.3840608636427,270.19197603770175,5.012417550270219
637,-674.4721395804041,260.02788366548486,4.317127665780409
638,-661.4002110761307,235.0453211418391,4.44119677014887
639,-596.6770439611604,221.93471822482218,3.903565893086856
640,-480.6306266856753,218.15483164858276,2.734122864969711
641,-947.3968016856305,303.3935860039227,6.708366830017788
642,-846.3997669592947,239.07505497608793,6.326299083158407
643,-714.2630023737071,251.7081507167053,4.818279704760434
644,-636.6588361872975,232.9693049708087,4.205099283505092
645,-628.2556036437538,274.2763950028058,3.687283423343207
646,-821.6077224642019,257.3294959169358,5.877898193200686
647,-1286.6080650506476,419.1003671125528,9.036538520188481
648,-641.6847351326214,192.09246306347,4.683252834053662
649,-995.9010138010574,318.820827590436,7.052918606360638
650,-1013.4687438493376,323.93262669917084,7.182667886980901
651,-541.5517051983039,257.1726491351884,2.9622818339907866
652,-1193.6831038224957,308.35900582566535,9.222126020800317
653,-549.9283197752567,189.82636439225294,3.7510620352396233
654,-1202.1090832895286,343.76478077512303,8.94108648452506
655,-1158.9338247971764,342.33339072517276,8.506254521583374
656,-1388.9437671815692,463.3870505973865,9.6412157977519
657,-876.8113053330219,292.17557323465303,6.089955542691341
658,-1196.589098150606,396.3017234399448,8.336326819902725
659,-1260.9482415138132,436.11924976305045,8.591968664070448
660,-1009.3711605279201,301.8986655347637,7.369505156178715
661,-1031.8144535300607,353.71314983572216,7.063555246816029
662,-708.2464126945011,203.5415426616159,5.257342396175889
663,-645.5267457575237,243.37314137898036,4.189100045609826
664,-891.7534289305809,304.44226211657946,6.117824654312514
665,-827.2800165405515,253.6571988915387,5.975237683843886
666,-607.1803963247646,246.40714924102622,3.7580546571222775
667,-761.1056115767815,230.7098749136869,5.524955590240572
668,-902.8148009160922,242.95619813328017,6.87352711232096
669,-882.407525653526,250.33554184926055,6.5840831646277636
670,-671.7098078688939,219.0900371221947,4.714789278611451
671,-877.1312759145376,338.2135525726755,5.613726284811065
672,-743.8639222203651,301.3270830628686,4.609758741223926
673,-724.5807523868135,272.87035237430354,4.7053166667969775
674,-658.1027732163909,231.49735163260226,4.443806474831132
675,-904.7895625847414,291.5061237690692,6.388369154329919
676,-987.7727062841483,351.25080730906546,6.630436447657111
677,-1199.1717587670382,331.2647898228979,9.040697593168133
678,-1286.3506239178425,408.72366575636875,9.141947480848684
679,-573.9830024228041,325.5723788144795,2.587610662586712
680,-638.9547056540755,285.61919914173484,3.6805781928368813
681,-1147.127257199063,387.5028836815411,7.91275389080752
682,-977.069838791323,322.5846996821143,6.817553532387586
683,-887.1306556555135,316.1100313447715,5.948131503236895
684,-991.9283095942683,244.42376912680925,7.786505629869367
685,-552.707966472223,207.1454968251275,3.5996090588239102
686,-1407.3360790167415,449.73577125154543,9.975003205887463
687,-678.6769247643242,269.3256629412433,4.264075643990427
688,-1057.4707782928513,332.499646291701,7.551782625011984
689,-1372.8873500394475,479.76428351324023,9.303365276314656
690,-559.4358512667674,281.3185177749657,2.897055557206267
691,-814.3909221964418,271.99176401753914,5.649991231030235
692,-712.8143274226669,252.43708284939237,4.7955962976382756
693,-939.4823806529887,328.8789431994741,6.360452473474115
694,-615.9939708138884,209.61060841425413,4.233160024996192
695,-814.4270038874782,221.93460318901893,6.171795840608951
696,-595.986694464557,253.82196301196097,3.5642159526312063
697,-854.7190408329113,216.27183571161373,6.650491720013516
698,-1056.4182261914618,359.3657712740657,7.2609630720562075
699,-1169.452598128324,335.7581085327624,8.684317599953769
700,-653.7192747401645,372.24598645203935,2.9320134196679706
701,-934.5393039109649,301.4170819936051,6.595023144972501
702,-666.4808188437643,268.6306417336537,4.144272678230319
703,-763.2544757765592,249.9092998207313,5.347345582873207
704,-551.9127497970485,225.34323283033984,3.4017658017365497
705,-1288.8250884697504,439.1574496296226,8.850704571251333
706,-894.7909176646734,323.66435288568,5.949235049781179
707,-530.7319057179072,252.9569574648032,2.8934890443031662
708,-764.493548281651,242.3821843005529,5.43866004146977
709,-703.5393675079523,267.1404111954923,4.545822461588126
710,-512.0824687016158,276.22164204653836,2.456883610990392
711,-645.5205832035898,311.996930418885,3.4742047165073444
712,-554.5932250223514,306.6460460034874,2.5827831147798315
713,-607.8145820338195,211.56753803192393,4.127573375019749
714,-940.1094820475532,243.45194508328876,7.256849343377756
715,-544.4689887434649,328.4874697367268,2.2498074896535214
716,-530.3405758551355,214.63526208336964,3.2885970184558952
717,-834.0718321076505,292.23279996813585,5.6441565847866135
718,-727.1085460839696,251.79965388541598,4.951134293734933
719,-1348.8541474569993,462.0782283240035,9.237249157635373
720,-981.1583809768233,359.412402215831,6.476520612093673
721,-636.3304180428026,333.1544009034932,3.158083511867808
722,-1244.5211779971426,531.5168788195583,7.427128116433166
723,-490.7763596917995,265.1435068215944,2.3503422173979693
724,-673.790614233474,250.81293223562596,4.406017520810917
725,-882.5659953057861,368.4552166470587,5.35532061102841
726,-858.2534223223801,310.68660830338195,5.703820979364566
727,-680.527761025823,205.05700593810573,4.952820365497053
728,-1054.8445360624771,352.1941554762783,7.319274797772902
729,-669.3402892911007,203.05441987081684,4.857144473127957
730,-1060.6653931806047,357.40278566219393,7.325652161650112
731,-1032.6076023134674,391.2207016648002,6.6811135484236175
732,-1223.0370573460361,454.802680875317,8.002441421569992
733,-584.0472614734555,289.0828154019819,3.0725463132445157
734,-851.1267439698953,266.83860299305013,6.086334801842138
735,-945.2062587695472,339.6578950701007,6.307795455202567
736,-1198.0000222951574,391.95540235137895,8.396298124414356
737,-1228.9763732779622,398.24940541168417,8.653405915273732
738,-518.0310127543953,239.98236776239975,2.8963400519999536
739,-1088.5749789515435,334.79362703743254,7.851889082438652
740,-782.2109871065214,312.5280398841529,4.892530700233003
741,-969.1752980033144,386.0406740520421,6.074318999492416
742,-506.6815914383984,224.1195940394152,2.9433541395727416
743,-698.8711260151366,273.993374468914,4.42580991193982
744,-512.6828319764564,273.91382905188624,2.4871771137976055
745,-1093.0825745527698,417.9223288960233,7.032919225591111
746,-1102.2881812771661,391.2536585036033,7.406609612224611
747,-871.9033735636139,317.1671326683635,5.778502509325521
748,-946.9523711751893,274.1007647206799,7.008870900567808
749,-835.1700223243157,260.01607105169694,5.991186992423113
750,-986.5166735686172,276.7198298855761,7.393717121698345
751,-972.6253309414467,348.21834919057864,6.504239393238209
752,-1047.4341201409507,392.94367730991905,6.817608779489915
753,-1100.628477157855,369.45871371581393,7.616351702521261
754,-871.8234282425519,322.16323772902604,5.725626984515895
755,-487.819798631778,284.7924316943851,2.1148684055978424
756,-963.7599215344147,364.6883148989743,6.240329235785836
757,-980.7055245141997,278.8205265755948,7.3113020618604665
758,-842.989478624038,301.09789323622095,5.644704014456427
759,-681.473842254489,243.80025718394748,4.559099844484806
760,-831.82087927811,237.8551982969622,6.1871425102202915
761,-811.9330832513664,282.56248331904766,5.514277082628318
762,-1005.9921717302825,339.60840604775416,6.941497559193003
763,-1126.1484564146822,406.4900933584049,7.496441281836222
764,-1025.5816233727187,343.71847780138353,7.102741099701411
765,-911.8845334990226,306.28449124250375,6.308333773505402
766,-603.1663848389712,327.432812023617,2.8722247168266075
767,-759.5506454687345,256.1553446565829,5.243701050126581
768,-1072.9506134124872,431.2450028557387,6.684433443299464
769,-510.0239335153874,220.1720067605858,3.019290903695849
770,-785.2705646504014,335.1542860207662,4.688711235725366
771,-908.8228998129941,294.2617624016362,6.401678514701646
772,-647.6899239987175,246.43427583738588,4.179746335013871
773,-651.2535580706033,258.6286636892785,4.089842649805468
774,-1061.955763864084,419.3014734502725,6.69431552514387
775,-744.4756342418546,302.6809880179899,4.602027564831922
776,-611.9390348054848,289.71802477377776,3.356468854496948
777,-449.1765741937776,259.2577800385154,1.9783207724506473
778,-1493.2297747708592,689.215018859135,8.37515370741379
779,-557.764842951115,280.63233104910097,2.886796998979312
780,-982.6305120999673,354.10886887367434,6.547100450273884
781,-656.8703638804612,283.74441691341065,3.8867286142401087
782,-903.5491213274141,313.889616880611,6.142286504654195
783,-541.3237597029256,289.7475978316705,2.6205850194922413
784,-1063.3843966995137,458.60469448699786,6.299788564713708
785,-1035.0373514103205,402.5520232404127,6.588388835103209
786,-1217.4204732687965,471.1947006649845,7.773185131289711
787,-748.2120081775709,264.0270346047636,5.043593474716742
788,-1083.8012433994597,431.9017751209805,6.790619461234159
789,-829.5281479494399,315.4360016733722,5.355126523709039
790,-1017.8842089118773,440.29372714542126,6.016567518400588
791,-1349.4819425194016,572.8132073898638,8.090299324266018
792,-985.5139000832985,349.67803442539446,6.623290267269835
793,-823.6984724904935,260.8026267715686,5.863498392905464
794,-654.3059584325398,301.40981002572977,3.6760015459042705
795,-1190.7050225591418,510.20473814180207,7.088544629347289
796,-609.2527976819858,236.40199557938482,3.8838625219020932
797,-1202.0262669743136,504.40117175505634,7.266928075200589
798,-892.0944476441687,305.117687579805,6.114341250670453
799,-1104.4106976973587,348.88222033549545,7.8700883058527396
800,-1031.2860362578936,395.3777621088266,6.6240445223861135
801,-1149.5674319948696,459.1022477412614,7.192345669308417
802,-916.2060535399376,355.72005345610125,5.838395834206627
803,-1095.9205959524538,344.7053408261217,7.825158907565964
804,-738.1919645307144,274.7944300909379,4.827057650414339
805,-702.4181491520702,321.26455282881625,3.9703499617005633
806,-803.9355019330474,349.80435055002704,4.730532826906461
807,-1319.9748273439218,516.641173261554,8.368058896691329
808,-966.8925407158694,354.6775376975717,6.377239614773932
809,-1112.625723036955,440.167303504459,7.004775203463505
810,-595.5972241383695,256.31655040722785,3.534173684699393
811,-982.245532832372,338.5305909902664,6.705363977521933
812,-1079.8479818238436,343.9483236457951,7.665621439354671
813,-545.7868173098905,256.7980964333972,3.010299175796806
814,-866.6212025077366,293.0400046714698,5.9748041441277815
815,-654.0572980788463,310.9850409665585,3.5736693449196664
816,-647.3866459322008,280.38308672013227,3.8229537417923805
817,-726.1808020997479,292.4094502955943,4.518451581293265
818,-754.1516062263804,321.3156110659735,4.508708282920907
819,-534.1444325275963,248.76503095298887,2.9727020997354927
820,-1233.8281462526738,490.41900738640226,7.743845196523666
821,-448.15961812227033,187.00159607558248,2.7203960629863313
822,-620.5819160140903,337.57254821895594,2.948014247865983
823,-934.58843131924,280.33153227096057,6.815176031752912
824,-788.7201922043107,243.30360709499,5.6814227615554245
825,-602.5933557928457,252.25709889544356,3.6493360093479374
826,-633.0443711413998,253.9417902110307,3.9489852180246796
827,-816.7270362268576,340.98715541925714,4.955623758412508
828,-758.9847197433697,278.1585416715084,5.008606021581891
829,-751.6741432274679,333.6190246222002,4.3547408188048715
830,-989.5831162025855,384.9102740460505,6.29867543913057
831,-840.9217030547607,277.80279916311474,5.865821915537977
832,-1060.1702710986904,403.11667466470135,6.8443082961873865
833,-914.0217774595095,336.99202300858957,6.01072660886375
834,-1114.6454083598603,591.5303193238639,5.449115510791629
835,-804.5781463370456,335.79504658054674,4.883157289130195
836,-1037.3862951485182,310.59782197919606,7.570713262180438
837,-694.014417055994,271.3952669977272,4.402282813106944
838,-1264.390295499313,356.3334621002048,9.458925347907373
839,-526.5819137803925,276.3058918464898,2.6070418951448198
840,-831.1646287027006,368.75413413302806,4.816775985100757
841,-658.5219390682184,278.78766466763227,3.9555653583394377
842,-502.5941663030722,275.2261224424085,2.368417123548579
843,-590.2564301323424,272.9393839265821,3.30538589797667
844,-1104.367037423813,441.51319541052015,6.9047275209718
845,-872.3252754690807,313.81003697606207,5.817867067635608
846,-912.6670622975571,277.12093529232106,6.62027215630454
847,-711.6248255410073,285.2472428501291,4.441433153029984
848,-614.7416328766358,264.0519071196635,3.6530179766351263
849,-882.0365923689689,303.5911763791622,6.025473083227154
850,-677.4064505327846,268.54376698002454,4.258986287007918
851,-656.7205370542712,248.09261811598424,4.2565408222738235
852,-565.1809387938558,291.5365953736422,2.8504619106272266
853,-893.1474257126005,349.64260222599154,5.661508577985511
854,-976.4568706742383,303.19889205150736,7.013103943986782
855,-957.4415100491112,386.46088281706017,5.947714867000528
856,-555.1879105808041,292.6599802073104,2.73466594139056
857,-692.2869742136726,249.01534234154622,4.617412832001317
858,-878.0867365420667,294.65358873920815,6.077428622946439
859,-493.08821328953627,250.86110461019044,2.5231990487431877
860,-1261.9416414642346,547.4390983997429,7.442734823588459
861,-681.8399925026428,237.1000409091577,4.632707829098804
862,-1354.486797610624,506.74759225378386,8.830616722467077
863,-949.1055740796298,345.76885786034745,6.284757460617524
864,-833.1946674842651,367.4956421422504,4.851031513979326
865,-850.6998282302209,298.6475540436776,5.750544522776491
866,-896.9487723137605,303.6869146184949,6.179811017659019
867,-795.3336630670295,329.98195946280657,4.8474135792106585
868,-907.5637773772829,321.76507220258827,6.102069845569736
869,-714.5688899746932,331.3861430342877,3.991486947295892
870,-805.5996328327813,280.5994233309349,5.468752182310901
871,-858.7980048692629,333.57480571241655,5.471074991217147
872,-900.2285967710128,266.8709763480585,6.597475212739108
873,-860.6187248004927,349.95007722719276,5.31946507888854
874,-1183.9297409815017,415.4581739188228,8.004912156902906
875,-1100.89958323339,454.6988630447361,6.731257501965147
876,-789.712590434308,312.1784035909103,4.97431444628539
877,-859.4151363998086,328.6657299961025,5.528639650038606
878,-556.6800846696711,273.506027611671,2.949729761020835
879,-932.3348667482751,405.84086867016924,5.484312479980269
880,-618.6042635730909,273.84389304110397,3.5912538597081958
881,-1039.0951688410075,357.3456798026146,7.101557177483259
882,-608.572803305046,315.5927124599823,3.051875946302747
883,-716.1552195540849,255.71483406425023,4.79625401551911
884,-656.1868588684687,293.5569434162552,3.7773949526272257
885,-814.915049511813,308.44141187995683,5.275767058665169
886,-786.5663234686047,342.300685544255,4.627767061711983
887,-806.9251418063044,348.45238711955244,4.775757861320332
888,-769.0759409187164,298.47108449483886,4.902133921082057
889,-1265.6081592434193,500.2070141559768,7.972928594660868
890,-505.35794600861647,233.5027718764991,2.831824730542889
891,-1036.6265743812055,579.5103265087944,4.761627582004281
892,-990.6830419537199,399.77024537750276,6.155341631002261
893,-770.804129551042,303.58234084903245,4.866893632312599
894,-724.9448571311394,285.7070701904745,4.575393613965259
895,-1087.8209766688028,375.09037691993507,7.424277080717375
896,-832.4752282268795,290.5664667024005,5.644882932546658
897,-576.393868947664,314.02459991215477,2.7330132191198886
898,-1112.5088914244889,409.04740503509595,7.327723816556176
899,-621.342879533793,260.5251364900845,3.758518156705293
900,-704.6068164553723,281.0116964627684,4.4124491665896235
901,-700.944352212401,303.9019033701257,4.135858842107035
902,-711.043341315388,357.1753865595443,3.6861245287067064
903,-845.38288949497,341.8306539419882,5.245335787010227
904,-554.0000778650974,268.8663778273927,2.9701427087260908
905,-992.325464862646,409.66351113766603,6.069395351301876
906,-474.56528276516866,282.541168890666,2.000251186192735
907,-989.5770200996726,441.35466647512794,5.710649516922344
908,-654.8022652409347,309.8374327744483,3.5933836715258987
909,-958.7068859842313,411.1270533562263,5.703956589875056
910,-789.8267034698134,315.8453861788066,4.937305388447991
911,-919.553679216252,326.6548568664706,6.176029399476891
912,-743.8979114386157,297.2006387297967,4.653096590716865
913,-866.0873797878986,269.62224200216315,6.213178518601413
914,-1054.3107007972756,424.1541152477977,6.564131099473728
915,-1176.5432175254177,536.9487768750018,6.662442090108498
916,-1156.3095977558837,601.7267024011753,5.776905159944879
917,-637.7728129769625,248.70557961657124,4.0527836808374085
918,-746.536558377945,294.5712066091851,4.707972414257914
919,-807.5383797030033,312.1226325334875,5.160580699682457
920,-839.6649320935253,296.23506025563984,5.660727831644639
921,-568.24403809215,269.48633562902523,3.112059400657549
922,-748.3196972333928,383.71820889043374,3.7979321702391573
923,-937.1373712254709,395.8116899610301,5.638809179837924
924,-719.7964225582639,233.0649231897767,5.07011978508841
925,-1087.8346511660852,479.807740309054,6.333613654760744
926,-1103.3087417090705,486.83158204599545,6.421637079823704
927,-546.7062859209083,230.52175630842942,3.2935888501299893
928,-789.6141454785587,319.40309225286603,4.898031804434297
929,-592.2858102407239,210.63489467204477,3.9755303705070735
930,-1086.6349028640623,402.72178366148773,7.124094991693485
931,-908.9452146911132,434.34033524463973,4.94380082756743
932,-576.4688615348001,312.880231236859,2.745714898936887
933,-605.0966709931648,198.18938435584454,4.238617569138751
934,-982.9393439950202,394.61405358388436,6.1283884417826675
935,-579.5908300920496,246.14716798055323,3.4733714803280846
936,-840.468664448616,361.9792470369757,4.9842647647045855
937,-629.7670747311403,314.43204089017746,3.2847399358433624
938,-774.3957103791984,303.83382999994694,4.901686253950537
939,-1125.5845173367668,448.7543354958667,7.0503143941760475
940,-551.4694337816798,298.16586523933455,2.6385788389827622
941,-944.6239868937545,377.8968732457231,5.903407433833659
942,-477.66615691749195,189.38586763091362,3.002919680068524
943,-654.6560469007799,374.95271704059223,2.9135763527102916
944,-666.2542819038981,319.5538621806337,3.611462705450671
945,-532.9023354720275,173.42167182494674,3.744590246323758
946,-1109.3518271362566,479.6416815093829,6.5594806836132635
947,-1026.7402066442357,401.13946877671503,6.516674352786674
948,-511.0448536696953,289.9303368621713,2.303276216745043
949,-876.9181627555992,301.032326430049,5.998810795057814
950,-772.862344702423,335.7355145797147,4.553404480444878
951,-1039.192477970325,440.03481502214413,6.241225655710212
952,-1190.4541925501296,557.5202038890469,6.593062381886276
953,-653.996109698942,209.904498995957,4.625954278156094
954,-882.8960713675524,376.9580847764283,5.270187360324214
955,-581.5970943581884,298.7628555681323,2.946189987396416
956,-874.8727967326122,307.8486071862376,5.906501974441404
957,-764.4898316038766,284.9868802207399,4.9948224102410075
958,-1014.5343310314057,381.0812407794438,6.5984696901246025
959,-874.4803262756419,285.4516323043978,6.135715562200461
960,-1004.9973996866839,469.70294051190774,5.5759839497372505
961,-714.8088899394662,282.6737306163318,4.501407909615985
962,-1158.7579992547958,481.7494967720398,7.052171900862043
963,-772.9373044440943,305.9066630048725,4.864902514991895
964,-926.6644295693054,378.3299516124734,5.711817478717005
965,-1140.4115417034136,529.2812950414032,6.365940069395944
966,-751.3328062911395,326.8275253432021,4.421930009874347
967,-889.8395991411569,414.29783879328386,4.953560003623676
968,-626.2665704625812,241.91343592407435,4.003678484776112
969,-1035.2897990103497,458.8736387794903,6.004335002404781
970,-684.2252726716918,367.30010982882095,3.3013037796132365
971,-847.929172003431,289.241716130165,5.819660998679853
972,-933.050273990003,425.33903013111683,5.28865879019673
973,-986.800255291394,475.891510181706,5.321966094892586
974,-661.098195551468,281.1070323367611,3.958241283486533
975,-820.1376363708591,345.6492368912339,4.942587494579429
976,-796.2531380921184,290.37407218671206,5.269573603181315
977,-561.6668128005508,208.91320014131253,3.6745167985337304
978,-942.670451416741,391.1589223698776,5.744911760904827
979,-968.7127861759508,345.44169787134643,6.492407169839627
980,-529.6803297443605,277.8410495717564,2.623325835131294
981,-581.7368522921863,218.96371719876723,3.7788868238897844
982,-805.834962369742,350.8971436529067,4.738935611633699
983,-820.0056197255824,315.86954091431846,5.251417487617332
984,-933.4917464137704,405.30938931714365,5.501899553089861
985,-1217.1713091225013,462.898043040401,7.8570131883552135
986,-989.2251651870508,374.6363663554496,6.401966654495851
987,-1067.2958121065628,481.3371469091442,6.103736095806446
988,-773.3174602955876,350.84499351259745,4.400754862322815
989,-609.1756260442953,234.12152520745644,3.906813550383737
990,-1056.169267124994,427.99263400850487,6.5435065949634295
991,-807.5043119163001,292.9405137296177,5.360039564444609
992,-943.7536291207812,479.9247680975241,4.831550635658926
993,-775.0935747676572,334.37551087677275,4.590813165530044
994,-789.6190800607894,270.4072355892255,5.4084567132454575
995,-515.9612498118482,212.08298318074657,3.165398610740642
996,-1139.9091211307177,556.1859286734144,6.0804499214302465
997,-820.7819750024939,364.40560155010724,4.753920556795692
998,-1099.822072426142,428.63435446920823,6.991538728718062
999,-773.163086038443,321.6890049237866,4.702855011611004
1000,-617.7967807819626,245.73677067814714,3.8756251052480786
1001,-1056.933440506091,443.55413610341714,6.389367754194519
1002,-661.3638544917497,251.2241518758058,4.272288568916081
1003,-936.0024662474085,405.8826021845914,5.52208191732101
1004,-1276.4158382587304,536.5308988763038,7.707134785233612
1005,-908.5187924821759,397.27200923745,5.325487325465892
1006,-809.8468896169041,327.1503406544916,5.028089051691797
1007,-737.994355257759,261.9603321316749,4.958687740896708
1008,-887.742624815174,368.89743420904483,5.40463740214718
1009,-767.7559279249479,329.80694325821514,4.561968590278461
1010,-1170.0803342294112,534.0304310997151,6.625519824267663
1011,-820.8566073320744,365.72744095478345,4.740928816430113
1012,-1124.8070717439748,432.1852315896115,7.214810834941283
1013,-571.7347490133542,248.96655214394494,3.3621687173896824
1014,-783.6106861952635,271.2477766476254,5.3371136411212285
1015,-775.8092772659174,275.0898953865527,5.215826894576716
1016,-1092.1974392947834,457.7050501605149,6.609295720148631
1017,-674.7313065723039,289.27981036465184,4.015119752163041
1018,-774.7296768427871,295.36992851741945,4.993330711722581
1019,-1072.818305979288,402.35404499315666,6.984002718605535
1020,-842.8436986063655,315.8492253334746,5.4895257632592775
1021,-669.9866005646403,297.61523942588497,3.878868345195368
1022,-958.7828812700598,362.8518449586459,6.207614961577228
1023,-716.891196225937,315.31479998192935,4.18308746087508
1024,-1071.555769814366,480.0503311292324,6.161514986303476
1025,-761.7976043552462,382.7717533027868,3.9481859484631223
1026,-637.3983864035965,241.55589200151087,4.123359316688391
1027,-739.2123969218288,327.3630470839781,4.29009739414428
1028,-715.7601336101408,334.138345798926,3.9752269563668197
1029,-806.2586384949196,305.42692290095766,5.2169970374371015
1030,-797.631154705724,303.7564457926751,5.144528217844259
1031,-883.879129183026,366.1194730676762,5.393329751201558
1032,-502.11989568802596,257.0430599915981,2.5528837051711224
1033,-617.2655614253101,253.56917730210216,3.788504001283417
1034,-579.4144563729492,257.3297312942627,3.355049219569651
1035,-1050.0676161800595,399.80887796336236,6.773528523090593
1036,-915.1093078929126,407.74243315588194,5.285071611844069
1037,-495.1652576995056,225.07680040246947,2.8134214301774594
1038,-783.9650003663982,319.412068994635,4.839093035122534
1039,-837.0700288133528,343.190062898644,5.144582978278219
1040,-786.7128911821063,303.81626761878306,5.03017316211795
