seed,policy,season,hour,T_in,T_out,price,SOC,p_grid_kw,p_solar_kw,comfort_dev,occupancy,a_bat,a_hvac,hvac_mode
42,naive,0,0.00,22.29,-2.29,17.79,0.1396,4.5000,0.0000,1.2929,1,0.0000,1.0000,heating
42,naive,0,0.25,21.37,-2.29,17.79,0.1396,0.5000,0.0000,0.3711,1,0.0000,0.0000,off
42,naive,0,0.50,20.48,-2.27,17.79,0.1396,0.5000,0.0000,0.5154,1,0.0000,0.0000,off
42,naive,0,0.75,22.13,-2.24,17.79,0.1396,4.5000,0.0000,1.1325,1,0.0000,1.0000,heating
42,naive,0,1.00,21.22,-2.19,17.79,0.1396,0.5000,0.0000,0.2203,1,0.0000,0.0000,off
42,naive,0,1.25,20.34,-2.14,17.79,0.1396,0.5000,0.0000,0.6555,1,0.0000,0.0000,off
42,naive,0,1.50,22.00,-2.07,17.79,0.1396,4.5000,0.0000,1.0041,1,0.0000,1.0000,heating
42,naive,0,1.75,21.10,-1.99,17.79,0.1396,0.5000,0.0000,0.1045,1,0.0000,0.0000,off
42,naive,0,2.00,20.24,-1.89,17.79,0.1396,0.5000,0.0000,0.7579,1,0.0000,0.0000,off
42,naive,0,2.25,21.92,-1.79,17.79,0.1396,4.5000,0.0000,0.9159,1,0.0000,1.0000,heating
42,naive,0,2.50,21.03,-1.67,17.79,0.1396,0.5000,0.0000,0.0313,1,0.0000,0.0000,off
42,naive,0,2.75,20.18,-1.55,17.79,0.1396,0.5000,0.0000,0.8155,1,0.0000,0.0000,off
42,naive,0,3.00,21.87,-1.42,17.79,0.1396,4.5000,0.0000,0.8745,1,0.0000,1.0000,heating
42,naive,0,3.25,21.01,-1.27,17.79,0.1396,0.5000,0.0000,0.0065,1,0.0000,0.0000,off
42,naive,0,3.50,20.18,-1.12,17.79,0.1396,0.5000,0.0000,0.8233,1,0.0000,0.0000,off
42,naive,0,3.75,21.88,-0.96,17.79,0.1396,4.5000,0.0000,0.8840,1,0.0000,1.0000,heating
42,naive,0,4.00,21.03,-0.79,17.79,0.1396,0.5000,0.0000,0.0336,1,0.0000,0.0000,off
42,naive,0,4.25,20.22,-0.62,17.79,0.1396,0.5000,0.0000,0.7785,1,0.0000,0.0000,off
42,naive,0,4.50,21.95,-0.44,17.79,0.1396,4.5000,0.0000,0.9466,1,0.0000,1.0000,heating
42,naive,0,4.75,21.11,-0.26,17.79,0.1396,0.5000,0.0000,0.1139,1,0.0000,0.0000,off
42,naive,0,5.00,20.32,-0.07,23.71,0.1396,0.5000,0.0000,0.6805,1,0.0000,0.0000,off
42,naive,0,5.25,22.06,0.12,23.71,0.1396,4.5000,0.0000,1.0620,1,0.0000,1.0000,heating
42,naive,0,5.50,21.25,0.31,23.71,0.1396,0.5000,0.0000,0.2464,1,0.0000,0.0000,off
42,naive,0,5.75,20.47,0.51,23.71,0.1396,0.5000,0.0000,0.5312,1,0.0000,0.0000,off
42,naive,0,6.00,22.23,0.71,23.71,0.1396,4.5000,0.0000,1.2277,1,0.0000,1.0000,heating
42,naive,0,6.25,21.43,0.90,23.71,0.1396,0.4930,0.0070,0.4279,1,0.0000,0.0000,off
42,naive,0,6.50,20.67,1.10,23.71,0.1396,0.4857,0.0143,0.3345,1,0.0000,0.0000,off
42,naive,0,6.75,22.44,1.29,23.71,0.1396,4.4789,0.0211,1.4390,1,0.0000,1.0000,heating
42,naive,0,7.00,21.65,1.48,23.71,0.1396,0.4716,0.0284,0.6531,1,0.0000,0.0000,off
42,naive,0,7.25,20.90,1.67,23.71,0.1396,0.4649,0.0351,0.0963,1,0.0000,0.0000,off
42,naive,0,7.50,22.69,1.85,23.71,0.1396,4.4588,0.0412,1.6893,1,0.0000,1.0000,heating
42,naive,0,7.75,21.91,2.03,23.71,0.1396,0.4514,0.0486,0.9147,1,0.0000,0.0000,off
42,naive,0,8.00,21.18,2.21,23.71,0.1396,0.4451,0.0549,0.1756,1,0.0000,0.0000,off
42,naive,0,8.25,20.47,2.37,23.71,0.1396,0.4400,0.0600,0.5296,1,0.0000,0.0000,off
42,naive,0,8.50,22.30,2.53,23.71,0.1396,4.4346,0.0654,1.2977,1,0.0000,1.0000,heating
42,naive,0,8.75,21.56,2.68,23.71,0.1396,0.4280,0.0720,0.5622,1,0.0000,0.0000,off
42,naive,0,9.00,20.86,2.83,23.71,0.1396,0.4244,0.0756,0.1404,1,0.0000,0.0000,off
42,naive,0,9.25,22.69,2.96,23.71,0.1396,4.4195,0.0805,1.6884,1,0.0000,1.0000,heating
42,naive,0,9.50,21.95,3.09,23.71,0.1396,0.4157,0.0843,0.9533,1,0.0000,0.0000,off
42,naive,0,9.75,21.25,3.20,23.71,0.1396,0.4088,0.0912,0.2501,1,0.0000,0.0000,off
42,naive,0,10.00,20.58,3.30,23.71,0.1396,0.4055,0.0945,0.4229,1,0.0000,0.0000,off
42,naive,0,10.25,22.43,3.40,23.71,0.1396,4.4019,0.0981,1.4328,1,0.0000,1.0000,heating
42,naive,0,10.50,21.72,3.48,23.71,0.1396,0.3987,0.1013,0.7219,1,0.0000,0.0000,off
42,naive,0,10.75,21.04,3.55,23.71,0.1396,0.3975,0.1025,0.0403,1,0.0000,0.0000,off
42,naive,0,11.00,20.39,3.60,23.71,0.1396,0.3950,0.1050,0.6135,1,0.0000,0.0000,off
42,naive,0,11.25,22.26,3.65,23.71,0.1396,4.3952,0.1048,1.2588,1,0.0000,1.0000,heating
42,naive,0,11.50,21.56,3.68,23.71,0.1396,0.3942,0.1058,0.5620,1,0.0000,0.0000,off
42,naive,0,11.75,20.89,3.70,23.71,0.1396,0.3910,0.1090,0.1078,1,0.0000,0.0000,off
42,naive,0,12.00,22.75,3.71,23.71,0.1396,4.3917,0.1083,1.7477,1,0.0000,1.0000,heating
42,naive,0,12.25,22.03,3.70,23.71,0.1396,0.3915,0.1085,1.0333,1,0.0000,0.0000,off
42,naive,0,12.50,21.35,3.68,23.71,0.1396,0.3913,0.1087,0.3451,1,0.0000,0.0000,off
42,naive,0,12.75,20.68,3.65,23.71,0.1396,0.3931,0.1069,0.3186,1,0.0000,0.0000,off
42,naive,0,13.00,22.54,3.60,23.71,0.1396,4.3950,0.1050,1.5410,1,0.0000,1.0000,heating
42,naive,0,13.25,21.83,3.55,23.71,0.1396,0.3971,0.1029,0.8287,1,0.0000,0.0000,off
42,naive,0,13.50,21.14,3.48,23.71,0.1396,0.4006,0.0994,0.1405,1,0.0000,0.0000,off
42,naive,0,13.75,20.48,3.40,23.71,0.1396,0.4046,0.0954,0.5249,1,0.0000,0.0000,off
42,naive,0,14.00,22.33,3.30,23.71,0.1396,4.4063,0.0937,1.3312,1,0.0000,1.0000,heating
42,naive,0,14.25,21.61,3.20,23.71,0.1396,0.4109,0.0891,0.6137,1,0.0000,0.0000,off
42,naive,0,14.50,20.92,3.09,23.71,0.1396,0.4143,0.0857,0.0811,1,0.0000,0.0000,off
42,naive,0,14.75,22.75,2.96,23.71,0.1396,4.4173,0.0827,1.7455,1,0.0000,1.0000,heating
42,naive,0,15.00,22.00,2.83,23.71,0.1396,0.4242,0.0758,0.9985,1,0.0000,0.0000,off
42,naive,0,15.25,21.27,2.68,23.71,0.1396,0.4298,0.0702,0.2742,1,0.0000,0.0000,off
42,naive,0,15.50,20.57,2.53,23.71,0.1396,0.4346,0.0654,0.4286,1,0.0000,0.0000,off
42,naive,0,15.75,22.39,2.37,23.71,0.1396,4.4403,0.0597,1.3889,1,0.0000,1.0000,heating
42,naive,0,16.00,21.63,2.21,39.52,0.1396,0.4454,0.0546,0.6320,1,0.0000,0.0000,off
42,naive,0,16.25,20.90,2.03,39.52,0.1396,0.4519,0.0481,0.1030,1,0.0000,0.0000,off
42,naive,0,16.50,22.68,1.85,39.52,0.1396,4.4580,0.0420,1.6829,1,0.0000,1.0000,heating
42,naive,0,16.75,21.89,1.67,39.52,0.1396,0.4649,0.0351,0.8949,1,0.0000,0.0000,off
42,naive,0,17.00,21.13,1.48,39.52,0.1396,0.4720,0.0280,0.1294,1,0.0000,0.0000,off
42,naive,0,17.25,20.39,1.29,39.52,0.1396,0.4786,0.0214,0.6145,1,0.0000,0.0000,off
42,naive,0,17.50,22.16,1.10,39.52,0.1396,4.4860,0.0140,1.1622,1,0.0000,1.0000,heating
42,naive,0,17.75,21.36,0.90,39.52,0.1396,0.4930,0.0070,0.3649,1,0.0000,0.0000,off
42,naive,0,18.00,20.59,0.71,39.52,0.1396,0.5000,0.0000,0.4098,1,0.0000,0.0000,off
42,naive,0,18.25,22.34,0.51,39.52,0.1396,4.5000,0.0000,1.3371,1,0.0000,1.0000,heating
42,naive,0,18.50,21.51,0.31,39.52,0.1396,0.5000,0.0000,0.5112,1,0.0000,0.0000,off
42,naive,0,18.75,20.71,0.12,39.52,0.1396,0.5000,0.0000,0.2909,1,0.0000,0.0000,off
42,naive,0,19.00,22.43,-0.07,39.52,0.1396,4.5000,0.0000,1.4298,1,0.0000,1.0000,heating
42,naive,0,19.25,21.58,-0.26,39.52,0.1396,0.5000,0.0000,0.5790,1,0.0000,0.0000,off
42,naive,0,19.50,20.75,-0.44,39.52,0.1396,0.5000,0.0000,0.2468,1,0.0000,0.0000,off
42,naive,0,19.75,22.45,-0.62,39.52,0.1396,4.5000,0.0000,1.4516,1,0.0000,1.0000,heating
42,naive,0,20.00,21.58,-0.79,25.69,0.1396,0.5000,0.0000,0.5799,1,0.0000,0.0000,off
42,naive,0,20.25,20.73,-0.96,25.69,0.1396,0.5000,0.0000,0.2654,1,0.0000,0.0000,off
42,naive,0,20.50,22.42,-1.12,25.69,0.1396,4.5000,0.0000,1.4150,1,0.0000,1.0000,heating
42,naive,0,20.75,21.53,-1.27,25.69,0.1396,0.5000,0.0000,0.5267,1,0.0000,0.0000,off
42,naive,0,21.00,20.67,-1.42,25.69,0.1396,0.5000,0.0000,0.3336,1,0.0000,0.0000,off
42,naive,0,21.25,22.33,-1.55,25.69,0.1396,4.5000,0.0000,1.3333,1,0.0000,1.0000,heating
42,naive,0,21.50,21.43,-1.67,25.69,0.1396,0.5000,0.0000,0.4330,1,0.0000,0.0000,off
42,naive,0,21.75,20.56,-1.79,25.69,0.1396,0.5000,0.0000,0.4378,1,0.0000,0.0000,off
42,naive,0,22.00,22.22,-1.89,25.69,0.1396,4.5000,0.0000,1.2201,1,0.0000,1.0000,heating
42,naive,0,22.25,21.31,-1.99,25.69,0.1396,0.5000,0.0000,0.3124,1,0.0000,0.0000,off
42,naive,0,22.50,20.44,-2.07,25.69,0.1396,0.5000,0.0000,0.5643,1,0.0000,0.0000,off
42,naive,0,22.75,22.09,-2.14,25.69,0.1396,4.5000,0.0000,1.0893,1,0.0000,1.0000,heating
42,naive,0,23.00,21.18,-2.19,25.69,0.1396,0.5000,0.0000,0.1787,1,0.0000,0.0000,off
42,naive,0,23.25,20.30,-2.24,25.69,0.1396,0.5000,0.0000,0.6994,1,0.0000,0.0000,off
42,naive,0,23.50,21.95,-2.27,25.69,0.1396,4.5000,0.0000,0.9543,1,0.0000,1.0000,heating
42,naive,0,23.75,21.05,-2.29,25.69,0.1396,0.5000,0.0000,0.0452,1,0.0000,0.0000,off
42,sac,0,0.00,21.00,-2.29,17.79,0.1694,3.6637,0.0000,0.0024,1,0.4120,0.4819,heating
42,sac,0,0.25,21.00,-2.29,17.79,0.1978,3.0785,0.0000,0.0016,1,0.3933,0.3496,heating
42,sac,0,0.50,21.00,-2.27,17.79,0.2245,3.0036,0.0000,0.0017,1,0.3692,0.3490,heating
42,sac,0,0.75,21.00,-2.24,17.79,0.2495,2.9320,0.0000,0.0019,1,0.3460,0.3485,heating
42,sac,0,1.00,21.00,-2.19,17.79,0.2730,2.8626,0.0000,0.0020,1,0.3238,0.3478,heating
42,sac,0,1.25,21.00,-2.14,17.79,0.2949,2.7969,0.0000,0.0022,1,0.3031,0.3469,heating
42,sac,0,1.50,21.00,-2.07,17.79,0.3154,2.7351,0.0000,0.0024,1,0.2838,0.3459,heating
42,sac,0,1.75,21.00,-1.99,17.79,0.3347,2.6772,0.0000,0.0025,1,0.2662,0.3447,heating
42,sac,0,2.00,21.00,-1.89,17.79,0.3528,2.6231,0.0000,0.0027,1,0.2500,0.3433,heating
42,sac,0,2.25,21.00,-1.79,17.79,0.3698,2.5727,0.0000,0.0029,1,0.2353,0.3417,heating
42,sac,0,2.50,21.00,-1.67,17.79,0.3858,2.5263,0.0000,0.0029,1,0.2220,0.3401,heating
42,sac,0,2.75,21.00,-1.55,17.79,0.4010,2.4831,0.0000,0.0028,1,0.2101,0.3382,heating
42,sac,0,3.00,21.00,-1.42,17.79,0.4154,2.4432,0.0000,0.0028,1,0.1994,0.3362,heating
42,sac,0,3.25,21.00,-1.27,17.79,0.4292,2.4065,0.0000,0.0027,1,0.1901,0.3341,heating
42,sac,0,3.50,21.00,-1.12,17.79,0.4423,2.3727,0.0000,0.0026,1,0.1818,0.3318,heating
42,sac,0,3.75,21.00,-0.96,17.79,0.4550,2.3416,0.0000,0.0025,1,0.1746,0.3294,heating
42,sac,0,4.00,21.00,-0.79,17.79,0.4672,2.3131,0.0000,0.0024,1,0.1685,0.3269,heating
42,sac,0,4.25,21.00,-0.62,17.79,0.4790,2.2870,0.0000,0.0023,1,0.1632,0.3243,heating
42,sac,0,4.50,21.00,-0.44,17.79,0.4905,2.2631,0.0000,0.0022,1,0.1589,0.3216,heating
42,sac,0,4.75,21.00,-0.26,17.79,0.5017,2.2413,0.0000,0.0021,1,0.1552,0.3189,heating
42,sac,0,5.00,21.00,-0.07,23.71,0.5127,2.2213,0.0000,0.0021,1,0.1523,0.3161,heating
42,sac,0,5.25,21.00,0.12,23.71,0.5112,1.6947,0.0000,0.0016,1,-0.0203,0.3133,heating
42,sac,0,5.50,21.00,0.31,23.71,0.5103,1.7092,0.0000,0.0015,1,-0.0111,0.3103,heating
42,sac,0,5.75,21.00,0.51,23.71,0.5102,1.7235,0.0000,0.0015,1,-0.0021,0.3074,heating
42,sac,0,6.00,21.00,0.71,23.71,0.5107,1.7378,0.0000,0.0014,1,0.0067,0.3044,heating
42,sac,0,6.25,21.00,0.90,23.71,0.5118,1.7445,0.0070,0.0014,1,0.0152,0.3015,heating
42,sac,0,6.50,21.00,1.10,23.71,0.5135,1.7512,0.0143,0.0014,1,0.0238,0.2985,heating
42,sac,0,6.75,21.00,1.29,23.71,0.5158,1.7575,0.0211,0.0014,1,0.0320,0.2956,heating
42,sac,0,7.00,21.00,1.48,23.71,0.5187,1.7624,0.0284,0.0014,1,0.0400,0.2928,heating
42,sac,0,7.25,21.00,1.67,23.71,0.5221,1.7672,0.0351,0.0014,1,0.0475,0.2899,heating
42,sac,0,7.50,21.00,1.85,23.71,0.5261,1.7717,0.0412,0.0014,1,0.0547,0.2872,heating
42,sac,0,7.75,21.00,2.03,23.71,0.5305,1.7739,0.0486,0.0014,1,0.0615,0.2845,heating
42,sac,0,8.00,21.00,2.21,23.71,0.5355,1.7765,0.0549,0.0014,1,0.0680,0.2819,heating
42,sac,0,8.25,21.00,2.37,23.71,0.5408,1.7794,0.0600,0.0014,1,0.0739,0.2794,heating
42,sac,0,8.50,21.00,2.53,23.71,0.5466,1.7807,0.0654,0.0014,1,0.0794,0.2770,heating
42,sac,0,8.75,21.00,2.68,23.71,0.5527,1.7802,0.0720,0.0014,1,0.0844,0.2747,heating
42,sac,0,9.00,21.00,2.83,23.71,0.5591,1.7820,0.0756,0.0014,1,0.0891,0.2726,heating
42,sac,0,9.25,21.00,2.96,23.71,0.5658,1.7811,0.0805,0.0014,1,0.0931,0.2706,heating
42,sac,0,9.50,21.00,3.09,23.71,0.5728,1.7807,0.0843,0.0014,1,0.0967,0.2687,heating
42,sac,0,9.75,21.00,3.20,23.71,0.5801,1.7762,0.0912,0.0014,1,0.0998,0.2670,heating
42,sac,0,10.00,21.00,3.30,23.71,0.5875,1.7748,0.0945,0.0014,1,0.1025,0.2654,heating
42,sac,0,10.25,21.00,3.40,23.71,0.5950,1.7719,0.0981,0.0013,1,0.1046,0.2641,heating
42,sac,0,10.50,21.00,3.48,23.71,0.6027,1.7690,0.1013,0.0012,1,0.1063,0.2629,heating
42,sac,0,10.75,21.00,3.55,23.71,0.6105,1.7676,0.1025,0.0012,1,0.1076,0.2618,heating
42,sac,0,11.00,21.00,3.60,23.71,0.6183,1.7637,0.1050,0.0011,1,0.1083,0.2610,heating
42,sac,0,11.25,21.00,3.65,23.71,0.6262,1.7618,0.1048,0.0009,1,0.1084,0.2603,heating
42,sac,0,11.50,21.00,3.68,23.71,0.6340,1.7575,0.1058,0.0008,1,0.1080,0.2598,heating
42,sac,0,11.75,21.00,3.70,23.71,0.6417,1.7504,0.1090,0.0007,1,0.1070,0.2596,heating
42,sac,0,12.00,21.00,3.71,23.71,0.6494,1.7466,0.1083,0.0006,1,0.1057,0.2595,heating
42,sac,0,12.25,21.00,3.70,23.71,0.6569,1.7407,0.1085,0.0004,1,0.1037,0.2596,heating
42,sac,0,12.50,21.00,3.68,23.71,0.6642,1.7342,0.1087,0.0003,1,0.1012,0.2599,heating
42,sac,0,12.75,21.00,3.65,23.71,0.6713,1.7290,0.1069,0.0001,1,0.0982,0.2603,heating
42,sac,0,13.00,21.00,3.60,23.71,0.6781,1.7232,0.1050,0.0001,1,0.0947,0.2610,heating
42,sac,0,13.25,21.00,3.55,23.71,0.6847,1.7167,0.1029,0.0002,1,0.0907,0.2619,heating
42,sac,0,13.50,21.00,3.48,23.71,0.6909,1.7113,0.0994,0.0004,1,0.0863,0.2629,heating
42,sac,0,13.75,21.00,3.40,23.71,0.6968,1.7056,0.0954,0.0006,1,0.0815,0.2641,heating
42,sac,0,14.00,21.00,3.30,23.71,0.7024,1.6971,0.0937,0.0008,1,0.0762,0.2655,heating
42,sac,0,14.25,21.00,3.20,23.71,0.7075,1.6914,0.0891,0.0009,1,0.0707,0.2671,heating
42,sac,0,14.50,21.00,3.09,23.71,0.7122,1.6837,0.0857,0.0011,1,0.0648,0.2688,heating
42,sac,0,14.75,21.00,2.96,23.71,0.7164,1.6755,0.0827,0.0012,1,0.0585,0.2707,heating
42,sac,0,15.00,21.00,2.83,23.71,0.7202,1.6710,0.0758,0.0014,1,0.0520,0.2727,heating
42,sac,0,15.25,21.00,2.68,23.71,0.7234,1.6646,0.0702,0.0015,1,0.0452,0.2748,heating
42,sac,0,15.50,21.00,2.53,23.71,0.7262,1.6582,0.0654,0.0017,1,0.0384,0.2771,heating
42,sac,0,15.75,21.00,2.37,23.71,0.7285,1.6528,0.0597,0.0019,1,0.0315,0.2795,heating
42,sac,0,16.00,21.00,2.21,39.52,0.7302,1.6466,0.0546,0.0020,1,0.0244,0.2820,heating
42,sac,0,16.25,21.00,2.03,39.52,0.7030,0.5417,0.0481,0.0031,1,-0.3630,0.2850,heating
42,sac,0,16.50,21.00,1.85,39.52,0.6767,0.5926,0.0420,0.0033,1,-0.3507,0.2873,heating
42,sac,0,16.75,21.00,1.67,39.52,0.6513,0.6432,0.0351,0.0033,1,-0.3394,0.2900,heating
42,sac,0,17.00,21.00,1.48,39.52,0.6266,0.6918,0.0280,0.0034,1,-0.3289,0.2928,heating
42,sac,0,17.25,21.00,1.29,39.52,0.6026,0.7376,0.0214,0.0034,1,-0.3193,0.2957,heating
42,sac,0,17.50,21.00,1.10,39.52,0.5794,0.7824,0.0140,0.0034,1,-0.3104,0.2986,heating
42,sac,0,17.75,21.00,0.90,39.52,0.5567,0.8248,0.0070,0.0034,1,-0.3022,0.3015,heating
42,sac,0,18.00,21.00,0.71,39.52,0.5346,0.8655,0.0000,0.0034,1,-0.2946,0.3045,heating
42,sac,0,18.25,21.00,0.51,39.52,0.5130,0.8977,0.0000,0.0033,1,-0.2875,0.3074,heating
42,sac,0,18.50,21.00,0.31,39.52,0.4920,0.9297,0.0000,0.0032,1,-0.2805,0.3103,heating
42,sac,0,18.75,21.00,0.12,39.52,0.4715,0.9604,0.0000,0.0031,1,-0.2739,0.3132,heating
42,sac,0,19.00,21.00,-0.07,39.52,0.4514,0.9899,0.0000,0.0029,1,-0.2676,0.3161,heating
42,sac,0,19.25,21.00,-0.26,39.52,0.4318,1.0184,0.0000,0.0028,1,-0.2617,0.3189,heating
42,sac,0,19.50,21.00,-0.44,39.52,0.4126,1.0461,0.0000,0.0026,1,-0.2559,0.3216,heating
42,sac,0,19.75,21.00,-0.62,39.52,0.3938,1.0730,0.0000,0.0024,1,-0.2503,0.3243,heating
42,sac,0,20.00,21.00,-0.79,25.69,0.3754,1.0992,0.0000,0.0022,1,-0.2448,0.3269,heating
42,sac,0,20.25,21.00,-0.96,25.69,0.3850,2.2137,0.0000,0.0011,1,0.1325,0.3290,heating
42,sac,0,20.50,21.00,-1.12,25.69,0.3933,2.1697,0.0000,0.0008,1,0.1143,0.3317,heating
42,sac,0,20.75,21.00,-1.27,25.69,0.4003,2.1276,0.0000,0.0006,1,0.0972,0.3340,heating
42,sac,0,21.00,21.00,-1.42,25.69,0.4062,2.0884,0.0000,0.0004,1,0.0813,0.3362,heating
42,sac,0,21.25,21.00,-1.55,25.69,0.4110,2.0521,0.0000,0.0002,1,0.0665,0.3382,heating
42,sac,0,21.50,21.00,-1.67,25.69,0.4148,2.0186,0.0000,0.0001,1,0.0528,0.3400,heating
42,sac,0,21.75,21.00,-1.79,25.69,0.4177,1.9879,0.0000,0.0003,1,0.0403,0.3417,heating
42,sac,0,22.00,21.00,-1.89,25.69,0.4198,1.9598,0.0000,0.0005,1,0.0289,0.3433,heating
42,sac,0,22.25,21.00,-1.99,25.69,0.4212,1.9342,0.0000,0.0007,1,0.0185,0.3447,heating
42,sac,0,22.50,21.00,-2.07,25.69,0.4218,1.9111,0.0000,0.0010,1,0.0092,0.3459,heating
42,sac,0,22.75,21.00,-2.14,25.69,0.4219,1.8904,0.0000,0.0011,1,0.0008,0.3470,heating
42,sac,0,23.00,21.00,-2.19,25.69,0.4214,1.8726,0.0000,0.0011,1,-0.0065,0.3479,heating
42,sac,0,23.25,21.00,-2.24,25.69,0.4204,1.8568,0.0000,0.0011,1,-0.0129,0.3485,heating
42,sac,0,23.50,21.00,-2.27,25.69,0.4190,1.8429,0.0000,0.0011,1,-0.0184,0.3490,heating
42,sac,0,23.75,21.00,-2.29,25.69,0.4173,1.8308,0.0000,0.0012,1,-0.0229,0.3493,heating
42,rule,0,0.00,20.54,-2.29,17.79,0.1902,3.8000,0.0000,0.4571,1,0.7000,0.3000,heating
42,rule,0,0.25,20.44,-2.29,17.79,0.2408,3.8000,0.0000,0.5633,1,0.7000,0.3000,heating
42,rule,0,0.50,22.09,-2.27,17.79,0.2915,6.6000,0.0000,1.0852,1,0.7000,1.0000,heating
42,rule,0,0.75,19.17,-2.24,17.79,0.3421,6.6000,0.0000,1.8268,1,0.7000,-1.0000,cooling
42,rule,0,1.00,20.87,-2.19,17.79,0.3927,6.6000,0.0000,0.1281,1,0.7000,1.0000,heating
42,rule,0,1.25,20.76,-2.14,17.79,0.4433,3.8000,0.0000,0.2408,1,0.7000,0.3000,heating
42,rule,0,1.50,20.65,-2.07,17.79,0.4940,3.8000,0.0000,0.3468,1,0.7000,0.3000,heating
42,rule,0,1.75,20.55,-1.99,17.79,0.5446,3.8000,0.0000,0.4457,1,0.7000,0.3000,heating
42,rule,0,2.00,20.46,-1.89,17.79,0.5952,3.8000,0.0000,0.5375,1,0.7000,0.3000,heating
42,rule,0,2.25,22.13,-1.79,17.79,0.6459,6.6000,0.0000,1.1281,1,0.7000,1.0000,heating
42,rule,0,2.50,19.24,-1.67,17.79,0.6965,6.6000,0.0000,1.7645,1,0.7000,-1.0000,cooling
42,rule,0,2.75,20.96,-1.55,17.79,0.7471,6.6000,0.0000,0.0440,1,0.7000,1.0000,heating
42,rule,0,3.00,20.87,-1.42,17.79,0.7977,3.8000,0.0000,0.1329,1,0.7000,0.3000,heating
42,rule,0,3.25,20.79,-1.27,17.79,0.8484,3.8000,0.0000,0.2132,1,0.7000,0.3000,heating
42,rule,0,3.50,20.72,-1.12,17.79,0.8484,1.7000,0.0000,0.2847,1,0.0000,0.3000,heating
42,rule,0,3.75,20.65,-0.96,17.79,0.8484,1.7000,0.0000,0.3476,1,0.0000,0.3000,heating
42,rule,0,4.00,20.60,-0.79,17.79,0.8484,1.7000,0.0000,0.4018,1,0.0000,0.3000,heating
42,rule,0,4.25,20.55,-0.62,17.79,0.8484,1.7000,0.0000,0.4476,1,0.0000,0.3000,heating
42,rule,0,4.50,20.52,-0.44,17.79,0.8484,1.7000,0.0000,0.4849,1,0.0000,0.3000,heating
42,rule,0,4.75,20.49,-0.26,17.79,0.8484,1.7000,0.0000,0.5139,1,0.0000,0.3000,heating
42,rule,0,5.00,22.22,-0.07,23.71,0.8484,4.5000,0.0000,1.2152,1,0.0000,1.0000,heating
42,rule,0,5.25,19.39,0.12,23.71,0.8484,4.5000,0.0000,1.6134,1,0.0000,-1.0000,cooling
42,rule,0,5.50,21.17,0.31,23.71,0.8484,4.5000,0.0000,0.1714,1,0.0000,1.0000,heating
42,rule,0,5.75,19.80,0.51,23.71,0.8484,1.7000,0.0000,1.2034,1,0.0000,-0.3000,cooling
42,rule,0,6.00,21.58,0.71,23.71,0.8484,4.5000,0.0000,0.5807,1,0.0000,1.0000,heating
42,rule,0,6.25,18.81,0.90,23.71,0.8484,4.4930,0.0070,2.1948,1,0.0000,-1.0000,cooling
42,rule,0,6.50,20.64,1.10,23.71,0.8484,4.4857,0.0143,0.3589,1,0.0000,1.0000,heating
42,rule,0,6.75,20.67,1.29,23.71,0.8484,1.6789,0.0211,0.3345,1,0.0000,0.3000,heating
42,rule,0,7.00,20.70,1.48,23.71,0.8484,1.6716,0.0284,0.3039,1,0.0000,0.3000,heating
42,rule,0,7.25,20.73,1.67,23.71,0.8484,1.6649,0.0351,0.2674,1,0.0000,0.3000,heating
42,rule,0,7.50,20.77,1.85,23.71,0.8484,1.6588,0.0412,0.2254,1,0.0000,0.3000,heating
42,rule,0,7.75,20.82,2.03,23.71,0.8484,1.6514,0.0486,0.1782,1,0.0000,0.3000,heating
42,rule,0,8.00,20.87,2.21,23.71,0.8484,1.6451,0.0549,0.1263,1,0.0000,0.3000,heating
42,rule,0,8.25,20.93,2.37,23.71,0.8484,1.6400,0.0600,0.0701,1,0.0000,0.3000,heating
42,rule,0,8.50,20.99,2.53,23.71,0.8484,1.6346,0.0654,0.0100,1,0.0000,0.3000,heating
42,rule,0,8.75,21.05,2.68,23.71,0.8484,1.6280,0.0720,0.0535,1,0.0000,0.3000,heating
42,rule,0,9.00,19.77,2.83,23.71,0.8484,1.6244,0.0756,1.2300,1,0.0000,-0.3000,cooling
42,rule,0,9.25,21.64,2.96,23.71,0.8484,4.4195,0.0805,0.6396,1,0.0000,1.0000,heating
42,rule,0,9.50,18.94,3.09,23.71,0.8484,4.4157,0.0843,2.0562,1,0.0000,-1.0000,cooling
42,rule,0,9.75,20.85,3.20,23.71,0.8484,4.4088,0.0912,0.1466,1,0.0000,1.0000,heating
42,rule,0,10.00,20.95,3.30,23.71,0.8484,1.6055,0.0945,0.0547,1,0.0000,0.3000,heating
42,rule,0,10.25,21.04,3.40,23.71,0.8484,1.6019,0.0981,0.0372,1,0.0000,0.3000,heating
42,rule,0,10.50,19.78,3.48,23.71,0.8484,1.5987,0.1013,1.2213,1,0.0000,-0.3000,cooling
42,rule,0,10.75,21.67,3.55,23.71,0.8484,4.3975,0.1025,0.6700,1,0.0000,1.0000,heating
42,rule,0,11.00,18.99,3.60,23.71,0.8484,4.3950,0.1050,2.0075,1,0.0000,-1.0000,cooling
42,rule,0,11.25,20.92,3.65,23.71,0.8484,4.3952,0.1048,0.0829,1,0.0000,1.0000,heating
42,rule,0,11.50,21.02,3.68,23.71,0.8484,1.5942,0.1058,0.0207,1,0.0000,0.3000,heating
42,rule,0,11.75,19.77,3.70,23.71,0.8484,1.5910,0.1090,1.2289,1,0.0000,-0.3000,cooling
42,rule,0,12.00,21.67,3.71,23.71,0.8484,4.3917,0.1083,0.6686,1,0.0000,1.0000,heating
42,rule,0,12.25,18.99,3.70,23.71,0.8484,4.3915,0.1085,2.0052,1,0.0000,-1.0000,cooling
42,rule,0,12.50,20.92,3.68,23.71,0.8484,4.3913,0.1087,0.0795,1,0.0000,1.0000,heating
42,rule,0,12.75,21.02,3.65,23.71,0.8484,1.5931,0.1069,0.0227,1,0.0000,0.3000,heating
42,rule,0,13.00,19.77,3.60,23.71,0.8484,1.5950,0.1050,1.2305,1,0.0000,-0.3000,cooling
42,rule,0,13.25,21.66,3.55,23.71,0.8484,4.3971,0.1029,0.6611,1,0.0000,1.0000,heating
42,rule,0,13.50,18.98,3.48,23.71,0.8484,4.4006,0.0994,2.0208,1,0.0000,-1.0000,cooling
42,rule,0,13.75,20.89,3.40,23.71,0.8484,4.4046,0.0954,0.1051,1,0.0000,1.0000,heating
42,rule,0,14.00,20.99,3.30,23.71,0.8484,1.6063,0.0937,0.0148,1,0.0000,0.3000,heating
42,rule,0,14.25,21.07,3.20,23.71,0.8484,1.6109,0.0891,0.0682,1,0.0000,0.3000,heating
42,rule,0,14.50,19.79,3.09,23.71,0.8484,1.6143,0.0857,1.2061,1,0.0000,-0.3000,cooling
42,rule,0,14.75,21.66,2.96,23.71,0.8484,4.4173,0.0827,0.6626,1,0.0000,1.0000,heating
42,rule,0,15.00,18.96,2.83,23.71,0.8484,4.4242,0.0758,2.0437,1,0.0000,-1.0000,cooling
42,rule,0,15.25,20.85,2.68,23.71,0.8484,4.4298,0.0702,0.1539,1,0.0000,1.0000,heating
42,rule,0,15.50,20.91,2.53,23.71,0.8484,1.6346,0.0654,0.0907,1,0.0000,0.3000,heating
42,rule,0,15.75,20.96,2.37,23.71,0.8484,1.6403,0.0597,0.0359,1,0.0000,0.3000,heating
42,rule,0,16.00,21.01,2.21,39.52,0.8484,1.6454,0.0546,0.0107,1,0.0000,0.3000,heating
42,rule,0,16.25,19.70,2.03,39.52,0.7884,0.0000,0.0481,1.3010,1,-0.8000,-0.3000,cooling
42,rule,0,16.50,21.53,1.85,39.52,0.7284,2.1435,0.0420,0.5298,1,-0.8000,1.0000,heating
42,rule,0,16.75,18.79,1.67,39.52,0.6684,2.1504,0.0351,2.2150,1,-0.8000,-1.0000,cooling
42,rule,0,17.00,20.64,1.48,39.52,0.6084,2.1576,0.0280,0.3638,1,-0.8000,1.0000,heating
42,rule,0,17.25,20.66,1.29,39.52,0.5484,0.0000,0.0214,0.3393,1,-0.8000,0.3000,heating
42,rule,0,17.50,20.68,1.10,39.52,0.4884,0.0000,0.0140,0.3229,1,-0.8000,0.3000,heating
42,rule,0,17.75,20.69,0.90,39.52,0.4284,0.0000,0.0070,0.3145,1,-0.8000,0.3000,heating
42,rule,0,18.00,20.69,0.71,39.52,0.3684,0.0000,0.0000,0.3138,1,-0.8000,0.3000,heating
42,rule,0,18.25,20.68,0.51,39.52,0.3084,0.0000,0.0000,0.3204,1,-0.8000,0.3000,heating
42,rule,0,18.50,20.67,0.31,39.52,0.2484,0.0000,0.0000,0.3341,1,-0.8000,0.3000,heating
42,rule,0,18.75,20.65,0.12,39.52,0.2484,1.7000,0.0000,0.3546,1,0.0000,0.3000,heating
42,rule,0,19.00,20.62,-0.07,39.52,0.2484,1.7000,0.0000,0.3814,1,0.0000,0.3000,heating
42,rule,0,19.25,20.59,-0.26,39.52,0.2484,1.7000,0.0000,0.4144,1,0.0000,0.3000,heating
42,rule,0,19.50,20.55,-0.44,39.52,0.2484,1.7000,0.0000,0.4529,1,0.0000,0.3000,heating
42,rule,0,19.75,20.50,-0.62,39.52,0.2484,1.7000,0.0000,0.4967,1,0.0000,0.3000,heating
42,rule,0,20.00,20.45,-0.79,25.69,0.2484,1.7000,0.0000,0.5454,1,0.0000,0.3000,heating
42,rule,0,20.25,22.15,-0.96,25.69,0.2484,4.5000,0.0000,1.1515,1,0.0000,1.0000,heating
42,rule,0,20.50,19.28,-1.12,25.69,0.2484,4.5000,0.0000,1.7212,1,0.0000,-1.0000,cooling
42,rule,0,20.75,21.01,-1.27,25.69,0.2484,4.5000,0.0000,0.0081,1,0.0000,1.0000,heating
42,rule,0,21.00,19.57,-1.42,25.69,0.2484,1.7000,0.0000,1.4328,1,0.0000,-0.3000,cooling
42,rule,0,21.25,21.28,-1.55,25.69,0.2484,4.5000,0.0000,0.2753,1,0.0000,1.0000,heating
42,rule,0,21.50,19.81,-1.67,25.69,0.2484,1.7000,0.0000,1.1853,1,0.0000,-0.3000,cooling
42,rule,0,21.75,21.50,-1.79,25.69,0.2484,4.5000,0.0000,0.5046,1,0.0000,1.0000,heating
42,rule,0,22.00,18.63,-1.89,25.69,0.2484,4.5000,0.0000,2.3728,1,0.0000,-1.0000,cooling
42,rule,0,22.25,20.35,-1.99,25.69,0.2484,4.5000,0.0000,0.6458,1,0.0000,1.0000,heating
42,rule,0,22.50,22.01,-2.07,25.69,0.2484,4.5000,0.0000,1.0134,1,0.0000,1.0000,heating
42,rule,0,22.75,19.11,-2.14,25.69,0.2484,4.5000,0.0000,1.8922,1,0.0000,-1.0000,cooling
42,rule,0,23.00,20.81,-2.19,25.69,0.2484,4.5000,0.0000,0.1909,1,0.0000,1.0000,heating
42,rule,0,23.25,20.69,-2.24,25.69,0.2484,1.7000,0.0000,0.3051,1,0.0000,0.3000,heating
42,rule,0,23.50,20.58,-2.27,25.69,0.2484,1.7000,0.0000,0.4163,1,0.0000,0.3000,heating
42,rule,0,23.75,20.48,-2.29,25.69,0.2484,1.7000,0.0000,0.5240,1,0.0000,0.3000,heating
100,naive,3,0.00,20.73,5.16,16.66,0.6142,0.5000,0.0000,0.2651,0,0.0000,0.0000,off
100,naive,3,0.25,22.65,5.17,16.66,0.6142,4.5000,0.0000,1.6511,0,0.0000,1.0000,heating
100,naive,3,0.50,22.00,5.19,16.66,0.6142,0.5000,0.0000,0.9964,0,0.0000,0.0000,off
100,naive,3,0.75,21.37,5.24,16.66,0.6142,0.5000,0.0000,0.3679,0,0.0000,0.0000,off
100,naive,3,1.00,20.77,5.29,16.66,0.6142,0.5000,0.0000,0.2349,0,0.0000,0.0000,off
100,naive,3,1.25,22.69,5.37,16.66,0.6142,4.5000,0.0000,1.6879,0,0.0000,1.0000,heating
100,naive,3,1.50,22.04,5.46,16.66,0.6142,0.5000,0.0000,1.0419,0,0.0000,0.0000,off
100,naive,3,1.75,21.42,5.57,16.66,0.6142,0.5000,0.0000,0.4243,0,0.0000,0.0000,off
100,naive,3,2.00,20.83,5.69,16.66,0.6142,0.5000,0.0000,0.1656,0,0.0000,0.0000,off
100,naive,3,2.25,22.77,5.83,16.66,0.6142,4.5000,0.0000,1.7719,0,0.0000,1.0000,heating
100,naive,3,2.50,22.14,5.99,16.66,0.6142,0.5000,0.0000,1.1424,0,0.0000,0.0000,off
100,naive,3,2.75,21.54,6.15,16.66,0.6142,0.5000,0.0000,0.5427,0,0.0000,0.0000,off
100,naive,3,3.00,20.97,6.33,16.66,0.6142,0.5000,0.0000,0.0278,0,0.0000,0.0000,off
100,naive,3,3.25,22.93,6.52,16.66,0.6142,4.5000,0.0000,1.9303,0,0.0000,1.0000,heating
100,naive,3,3.50,22.32,6.72,16.66,0.6142,0.5000,0.0000,1.3226,0,0.0000,0.0000,off
100,naive,3,3.75,21.75,6.94,16.66,0.6142,0.5000,0.0000,0.7456,0,0.0000,0.0000,off
100,naive,3,4.00,21.20,7.16,16.66,0.6142,0.5000,0.0000,0.1986,0,0.0000,0.0000,off
100,naive,3,4.25,20.68,7.39,16.66,0.6142,0.5000,0.0000,0.3193,0,0.0000,0.0000,off
100,naive,3,4.50,22.69,7.63,16.66,0.6142,4.5000,0.0000,1.6912,0,0.0000,1.0000,heating
100,naive,3,4.75,22.14,7.87,16.66,0.6142,0.5000,0.0000,1.1356,0,0.0000,0.0000,off
100,naive,3,5.00,21.61,8.12,22.21,0.6142,0.5000,0.0000,0.6101,0,0.0000,0.0000,off
100,naive,3,5.25,21.11,8.38,22.21,0.6142,0.5000,0.0000,0.1139,0,0.0000,0.0000,off
100,naive,3,5.50,20.65,8.64,22.21,0.6142,0.5000,0.0000,0.3540,0,0.0000,0.0000,off
100,naive,3,5.75,22.71,8.90,22.21,0.6142,4.5000,0.0000,1.7054,0,0.0000,1.0000,heating
100,naive,3,6.00,22.20,9.16,22.21,0.6142,0.5000,0.0000,1.1974,0,0.0000,0.0000,off
100,naive,3,6.25,21.72,9.42,22.21,0.6142,0.4439,0.0561,0.7183,0,0.0000,0.0000,off
100,naive,3,6.50,21.27,9.68,22.21,0.6142,0.3896,0.1104,0.2669,0,0.0000,0.0000,off
100,naive,3,6.75,20.84,9.94,22.21,0.6142,0.3300,0.1700,0.1579,0,0.0000,0.0000,off
100,naive,3,7.00,22.94,10.19,22.21,0.6142,4.2800,0.2200,1.9428,0,0.0000,1.0000,heating
100,naive,3,7.25,22.47,10.44,22.21,0.6142,0.2249,0.2751,1.4741,0,0.0000,0.0000,off
100,naive,3,7.50,22.03,10.69,22.21,0.6142,0.1677,0.3323,1.0322,0,0.0000,0.0000,off
100,naive,3,7.75,21.62,10.93,22.21,0.6142,0.1192,0.3808,0.6157,0,0.0000,0.0000,off
100,naive,3,8.00,21.22,11.16,22.21,0.6142,0.0742,0.4258,0.2236,0,0.0000,0.0000,off
100,naive,3,8.25,20.85,11.38,22.21,0.6142,0.0325,0.4675,0.1455,0,0.0000,0.0000,off
100,naive,3,8.50,23.01,11.59,22.21,0.6142,3.9695,0.5305,2.0072,0,0.0000,1.0000,heating
100,naive,3,8.75,22.59,11.80,22.21,0.6142,0.0000,0.5662,1.5868,0,0.0000,0.0000,off
100,naive,3,9.00,22.19,11.99,22.21,0.6142,0.0000,0.6070,1.1893,1,0.0000,0.0000,off
100,naive,3,9.25,21.81,12.17,22.21,0.6142,0.0000,0.6458,0.8134,1,0.0000,0.0000,off
100,naive,3,9.50,21.46,12.33,22.21,0.6142,0.0000,0.6690,0.4579,1,0.0000,0.0000,off
100,naive,3,9.75,21.12,12.48,22.21,0.6142,0.0000,0.7131,0.1214,1,0.0000,0.0000,off
100,naive,3,10.00,20.80,12.62,22.21,0.6142,0.0000,0.7428,0.1973,1,0.0000,0.0000,off
100,naive,3,10.25,23.00,12.75,22.21,0.6142,3.7301,0.7699,2.0006,1,0.0000,1.0000,heating
100,naive,3,10.50,22.62,12.85,22.21,0.6142,0.0000,0.7803,1.6201,1,0.0000,0.0000,off
100,naive,3,10.75,22.26,12.95,22.21,0.6142,0.0000,0.8171,1.2573,1,0.0000,0.0000,off
100,naive,3,11.00,21.91,13.02,22.21,0.6142,0.0000,0.8119,0.9110,1,0.0000,0.0000,off
100,naive,3,11.25,21.58,13.08,22.21,0.6142,0.0000,0.8331,0.5799,1,0.0000,0.0000,off
100,naive,3,11.50,21.26,13.12,22.21,0.6142,0.0000,0.8346,0.2628,1,0.0000,0.0000,off
100,naive,3,11.75,20.96,13.15,22.21,0.6142,0.0000,0.8624,0.0414,1,0.0000,0.0000,off
100,naive,3,12.00,23.17,13.16,22.21,0.6142,3.6444,0.8556,2.1661,1,0.0000,1.0000,heating
100,naive,3,12.25,22.79,13.15,22.21,0.6142,0.0000,0.8526,1.7905,1,0.0000,0.0000,off
100,naive,3,12.50,22.43,13.12,22.21,0.6142,0.0000,0.8335,1.4280,1,0.0000,0.0000,off
100,naive,3,12.75,22.08,13.08,22.21,0.6142,0.0000,0.8371,1.0775,1,0.0000,0.0000,off
100,naive,3,13.00,21.74,13.02,22.21,0.6142,0.0000,0.8171,0.7380,1,0.0000,0.0000,off
100,naive,3,13.25,21.41,12.95,22.21,0.6142,0.0000,0.8036,0.4083,1,0.0000,0.0000,off
100,naive,3,13.50,21.09,12.85,22.21,0.6142,0.0000,0.7870,0.0875,1,0.0000,0.0000,off
100,naive,3,13.75,20.77,12.75,22.21,0.6142,0.0000,0.7738,0.2253,1,0.0000,0.0000,off
100,naive,3,14.00,22.97,12.62,22.21,0.6142,3.7504,0.7496,1.9690,1,0.0000,1.0000,heating
100,naive,3,14.25,22.58,12.48,22.21,0.6142,0.0000,0.7072,1.5758,1,0.0000,0.0000,off
100,naive,3,14.50,22.19,12.33,22.21,0.6142,0.0000,0.6835,1.1917,1,0.0000,0.0000,off
100,naive,3,14.75,21.82,12.17,22.21,0.6142,0.0000,0.6435,0.8157,1,0.0000,0.0000,off
100,naive,3,15.00,21.45,11.99,22.21,0.6142,0.0000,0.6092,0.4472,1,0.0000,0.0000,off
100,naive,3,15.25,21.09,11.80,22.21,0.6142,0.0000,0.5602,0.0852,1,0.0000,0.0000,off
100,naive,3,15.50,20.73,11.59,22.21,0.6142,0.0000,0.5293,0.2707,1,0.0000,0.0000,off
100,naive,3,15.75,22.88,11.38,22.21,0.6142,4.0215,0.4785,1.8787,1,0.0000,1.0000,heating
100,naive,3,16.00,22.44,11.16,37.02,0.6142,0.0776,0.4224,1.4392,1,0.0000,0.0000,off
100,naive,3,16.25,22.01,10.93,37.02,0.6142,0.1204,0.3796,1.0076,1,0.0000,0.0000,off
100,naive,3,16.50,21.58,10.69,37.02,0.6142,0.1693,0.3307,0.5831,1,0.0000,0.0000,off
100,naive,3,16.75,21.17,10.44,37.02,0.6142,0.2218,0.2782,0.1654,1,0.0000,0.0000,off
100,naive,3,17.00,20.75,10.19,37.02,0.6142,0.2791,0.2209,0.2460,0,0.0000,0.0000,off
100,naive,3,17.25,22.85,9.94,37.02,0.6142,4.3346,0.1654,1.8484,0,0.0000,1.0000,heating
100,naive,3,17.50,22.35,9.68,37.02,0.6142,0.3878,0.1122,1.3546,0,0.0000,0.0000,off
100,naive,3,17.75,21.87,9.42,37.02,0.6142,0.4435,0.0565,0.8696,0,0.0000,0.0000,off
100,naive,3,18.00,21.39,9.16,37.02,0.6142,0.5000,0.0000,0.3929,0,0.0000,0.0000,off
100,naive,3,18.25,20.92,8.90,37.02,0.6142,0.5000,0.0000,0.0757,0,0.0000,0.0000,off
100,naive,3,18.50,22.96,8.64,37.02,0.6142,4.5000,0.0000,1.9636,0,0.0000,1.0000,heating
100,naive,3,18.75,22.42,8.38,37.02,0.6142,0.5000,0.0000,1.4166,0,0.0000,0.0000,off
100,naive,3,19.00,21.88,8.12,37.02,0.6142,0.5000,0.0000,0.8806,0,0.0000,0.0000,off
100,naive,3,19.25,21.36,7.87,37.02,0.6142,0.5000,0.0000,0.3553,0,0.0000,0.0000,off
100,naive,3,19.50,20.84,7.63,37.02,0.6142,0.5000,0.0000,0.1595,0,0.0000,0.0000,off
100,naive,3,19.75,22.84,7.39,37.02,0.6142,4.5000,0.0000,1.8361,0,0.0000,1.0000,heating
100,naive,3,20.00,22.25,7.16,24.07,0.6142,0.5000,0.0000,1.2482,0,0.0000,0.0000,off
100,naive,3,20.25,21.67,6.94,24.07,0.6142,0.5000,0.0000,0.6740,0,0.0000,0.0000,off
100,naive,3,20.50,21.11,6.72,24.07,0.6142,0.5000,0.0000,0.1134,0,0.0000,0.0000,off
100,naive,3,20.75,20.57,6.52,24.07,0.6142,0.5000,0.0000,0.4338,0,0.0000,0.0000,off
100,naive,3,21.00,22.53,6.33,24.07,0.6142,4.5000,0.0000,1.5323,0,0.0000,1.0000,heating
100,naive,3,21.25,21.92,6.15,24.07,0.6142,0.5000,0.0000,0.9180,0,0.0000,0.0000,off
100,naive,3,21.50,21.32,5.99,24.07,0.6142,0.5000,0.0000,0.3206,0,0.0000,0.0000,off
100,naive,3,21.75,20.74,5.83,24.07,0.6142,0.5000,0.0000,0.2602,0,0.0000,0.0000,off
100,naive,3,22.00,22.68,5.69,24.07,0.6142,4.5000,0.0000,1.6756,0,0.0000,1.0000,heating
100,naive,3,22.25,22.03,5.57,24.07,0.6142,0.5000,0.0000,1.0342,0,0.0000,0.0000,off
100,naive,3,22.50,21.41,5.46,24.07,0.6142,0.5000,0.0000,0.4127,0,0.0000,0.0000,off
100,naive,3,22.75,20.81,5.37,24.07,0.6142,0.5000,0.0000,0.1888,0,0.0000,0.0000,off
100,naive,3,23.00,22.73,5.29,24.07,0.6142,4.5000,0.0000,1.7293,0,0.0000,1.0000,heating
100,naive,3,23.25,22.07,5.24,24.07,0.6142,0.5000,0.0000,1.0733,0,0.0000,0.0000,off
100,naive,3,23.50,21.44,5.19,24.07,0.6142,0.5000,0.0000,0.4403,0,0.0000,0.0000,off
100,naive,3,23.75,20.83,5.17,24.07,0.6142,0.5000,0.0000,0.1700,0,0.0000,0.0000,off
100,sac,3,0.00,20.98,5.16,16.66,0.6079,0.6515,0.0000,0.0193,0,-0.0836,0.0983,heating
100,sac,3,0.25,20.97,5.17,16.66,0.6008,1.1532,0.0000,0.0329,0,-0.0947,0.2318,heating
100,sac,3,0.50,20.97,5.19,16.66,0.5939,1.1763,0.0000,0.0335,0,-0.0930,0.2364,heating
100,sac,3,0.75,20.97,5.24,16.66,0.5871,1.1808,0.0000,0.0343,0,-0.0905,0.2356,heating
100,sac,3,1.00,20.96,5.29,16.66,0.5805,1.1859,0.0000,0.0351,0,-0.0875,0.2347,heating
100,sac,3,1.25,20.96,5.37,16.66,0.5742,1.1916,0.0000,0.0359,0,-0.0840,0.2336,heating
100,sac,3,1.50,20.96,5.46,16.66,0.5682,1.1978,0.0000,0.0364,0,-0.0800,0.2323,heating
100,sac,3,1.75,20.96,5.57,16.66,0.5625,1.2041,0.0000,0.0368,0,-0.0756,0.2307,heating
100,sac,3,2.00,20.96,5.69,16.66,0.5572,1.2106,0.0000,0.0373,0,-0.0708,0.2289,heating
100,sac,3,2.25,20.96,5.83,16.66,0.5523,1.2173,0.0000,0.0377,0,-0.0656,0.2268,heating
100,sac,3,2.50,20.96,5.99,16.66,0.5478,1.2241,0.0000,0.0380,0,-0.0601,0.2245,heating
100,sac,3,2.75,20.96,6.15,16.66,0.5437,1.2311,0.0000,0.0384,0,-0.0543,0.2220,heating
100,sac,3,3.00,20.96,6.33,16.66,0.5401,1.2382,0.0000,0.0386,0,-0.0481,0.2194,heating
100,sac,3,3.25,20.96,6.52,16.66,0.5370,1.2453,0.0000,0.0389,0,-0.0417,0.2165,heating
100,sac,3,3.50,20.96,6.72,16.66,0.5344,1.2524,0.0000,0.0391,0,-0.0351,0.2135,heating
100,sac,3,3.75,20.96,6.94,16.66,0.5322,1.2595,0.0000,0.0393,0,-0.0282,0.2103,heating
100,sac,3,4.00,20.96,7.16,16.66,0.5307,1.2665,0.0000,0.0394,0,-0.0212,0.2070,heating
100,sac,3,4.25,20.96,7.39,16.66,0.5296,1.2733,0.0000,0.0395,0,-0.0141,0.2035,heating
100,sac,3,4.50,20.96,7.63,16.66,0.5291,1.2800,0.0000,0.0396,0,-0.0069,0.2000,heating
100,sac,3,4.75,20.96,7.87,16.66,0.5291,1.2865,0.0000,0.0396,0,0.0005,0.1963,heating
100,sac,3,5.00,20.96,8.12,22.21,0.5297,1.2936,0.0000,0.0396,0,0.0078,0.1926,heating
100,sac,3,5.25,20.95,8.38,22.21,0.5189,0.8299,0.0000,0.0454,0,-0.1437,0.1864,heating
100,sac,3,5.50,20.95,8.64,22.21,0.5094,0.8730,0.0000,0.0455,0,-0.1265,0.1847,heating
100,sac,3,5.75,20.95,8.90,22.21,0.5012,0.9062,0.0000,0.0454,0,-0.1097,0.1809,heating
100,sac,3,6.00,20.95,9.16,22.21,0.4942,0.9372,0.0000,0.0453,0,-0.0936,0.1770,heating
100,sac,3,6.25,20.95,9.42,22.21,0.4883,0.9102,0.0561,0.0451,0,-0.0781,0.1731,heating
100,sac,3,6.50,20.95,9.68,22.21,0.4837,0.8889,0.1104,0.0454,0,-0.0611,0.1690,heating
100,sac,3,6.75,20.95,9.94,22.21,0.4803,0.8606,0.1700,0.0456,0,-0.0449,0.1651,heating
100,sac,3,7.00,20.95,10.19,22.21,0.4781,0.8403,0.2200,0.0458,0,-0.0294,0.1613,heating
100,sac,3,7.25,20.95,10.44,22.21,0.4770,0.8117,0.2751,0.0460,0,-0.0151,0.1576,heating
100,sac,3,7.50,20.95,10.69,22.21,0.4769,0.7794,0.3323,0.0461,0,-0.0013,0.1539,heating
100,sac,3,7.75,20.95,10.93,22.21,0.4778,0.7554,0.3808,0.0463,0,0.0116,0.1503,heating
100,sac,3,8.00,20.95,11.16,22.21,0.4795,0.7322,0.4258,0.0463,0,0.0234,0.1469,heating
100,sac,3,8.25,20.95,11.38,22.21,0.4819,0.7105,0.4675,0.0460,0,0.0344,0.1437,heating
100,sac,3,8.50,20.95,11.59,22.21,0.4852,0.6649,0.5305,0.0456,0,0.0444,0.1406,heating
100,sac,3,8.75,20.95,11.80,22.21,0.4891,0.6474,0.5662,0.0453,0,0.0546,0.1375,heating
100,sac,3,9.00,21.00,11.99,22.21,0.4952,0.7553,0.6070,0.0011,1,0.0845,0.1522,heating
100,sac,3,9.25,21.00,12.17,22.21,0.5018,0.6609,0.6458,0.0003,1,0.0918,0.1328,heating
100,sac,3,9.50,21.00,12.33,22.21,0.5089,0.6425,0.6690,0.0004,1,0.0972,0.1300,heating
100,sac,3,9.75,21.00,12.48,22.21,0.5162,0.6017,0.7131,0.0006,1,0.1014,0.1277,heating
100,sac,3,10.00,21.00,12.62,22.21,0.5239,0.5770,0.7428,0.0007,1,0.1058,0.1256,heating
100,sac,3,10.25,21.00,12.75,22.21,0.5318,0.5522,0.7699,0.0009,1,0.1090,0.1237,heating
100,sac,3,10.50,21.00,12.85,22.21,0.5398,0.5428,0.7803,0.0010,1,0.1115,0.1221,heating
100,sac,3,10.75,21.00,12.95,22.21,0.5480,0.5042,0.8171,0.0011,1,0.1128,0.1208,heating
100,sac,3,11.00,21.00,13.02,22.21,0.5563,0.5102,0.8119,0.0012,1,0.1146,0.1196,heating
100,sac,3,11.25,21.00,13.08,22.21,0.5645,0.4839,0.8331,0.0012,1,0.1140,0.1187,heating
100,sac,3,11.50,21.00,13.12,22.21,0.5728,0.4799,0.8346,0.0013,1,0.1141,0.1181,heating
100,sac,3,11.75,21.00,13.15,22.21,0.5809,0.4468,0.8624,0.0013,1,0.1128,0.1177,heating
100,sac,3,12.00,21.00,13.16,22.21,0.5890,0.4509,0.8556,0.0014,1,0.1121,0.1176,heating
100,sac,3,12.25,21.00,13.15,22.21,0.5969,0.4465,0.8526,0.0014,1,0.1094,0.1177,heating
100,sac,3,12.50,21.00,13.12,22.21,0.6046,0.4582,0.8335,0.0014,1,0.1064,0.1181,heating
100,sac,3,12.75,21.00,13.08,22.21,0.6120,0.4449,0.8371,0.0013,1,0.1023,0.1188,heating
100,sac,3,13.00,21.00,13.02,22.21,0.6192,0.4581,0.8171,0.0013,1,0.0988,0.1197,heating
100,sac,3,13.25,21.00,12.95,22.21,0.6260,0.4641,0.8036,0.0009,1,0.0947,0.1209,heating
100,sac,3,13.50,21.00,12.85,22.21,0.6326,0.4733,0.7870,0.0005,1,0.0904,0.1223,heating
100,sac,3,13.75,21.00,12.75,22.21,0.6387,0.4783,0.7738,0.0001,1,0.0854,0.1240,heating
100,sac,3,14.00,21.00,12.62,22.21,0.6445,0.4944,0.7496,0.0002,1,0.0803,0.1258,heating
100,sac,3,14.25,21.00,12.48,22.21,0.6499,0.5267,0.7072,0.0006,1,0.0741,0.1279,heating
100,sac,3,14.50,21.00,12.33,22.21,0.6547,0.5377,0.6835,0.0009,1,0.0668,0.1302,heating
100,sac,3,14.75,21.00,12.17,22.21,0.6591,0.5675,0.6435,0.0012,1,0.0601,0.1326,heating
100,sac,3,15.00,21.00,11.99,22.21,0.6629,0.5891,0.6092,0.0015,1,0.0523,0.1353,heating
100,sac,3,15.25,21.00,11.80,22.21,0.6661,0.6263,0.5602,0.0018,1,0.0446,0.1382,heating
100,sac,3,15.50,21.00,11.59,22.21,0.6687,0.6434,0.5293,0.0020,1,0.0359,0.1412,heating
100,sac,3,15.75,21.00,11.38,22.21,0.6707,0.6830,0.4785,0.0022,1,0.0280,0.1444,heating
100,sac,3,16.00,21.00,11.16,37.02,0.6721,0.7252,0.4224,0.0024,1,0.0189,0.1477,heating
100,sac,3,16.25,21.00,10.93,37.02,0.6446,0.0000,0.3796,0.0024,1,-0.3659,0.1511,heating
100,sac,3,16.50,21.00,10.69,37.02,0.6180,0.0000,0.3307,0.0024,1,-0.3557,0.1547,heating
100,sac,3,16.75,21.00,10.44,37.02,0.5920,0.0000,0.2782,0.0024,1,-0.3468,0.1584,heating
100,sac,3,17.00,20.96,10.19,37.02,0.5660,0.0000,0.2209,0.0391,0,-0.3462,0.1455,heating
100,sac,3,17.25,20.96,9.94,37.02,0.5405,0.0118,0.1654,0.0397,0,-0.3398,0.1651,heating
100,sac,3,17.50,20.96,9.68,37.02,0.5155,0.1006,0.1122,0.0393,0,-0.3334,0.1693,heating
100,sac,3,17.75,20.96,9.42,37.02,0.4909,0.1892,0.0565,0.0391,0,-0.3274,0.1732,heating
100,sac,3,18.00,20.96,9.16,37.02,0.4668,0.2766,0.0000,0.0389,0,-0.3221,0.1771,heating
100,sac,3,18.25,20.96,8.90,37.02,0.4430,0.3062,0.0000,0.0388,0,-0.3173,0.1810,heating
100,sac,3,18.50,20.96,8.64,37.02,0.4198,0.3432,0.0000,0.0391,0,-0.3096,0.1847,heating
100,sac,3,18.75,20.96,8.38,37.02,0.3971,0.3793,0.0000,0.0395,0,-0.3024,0.1886,heating
100,sac,3,19.00,20.96,8.12,37.02,0.3749,0.4140,0.0000,0.0399,0,-0.2957,0.1924,heating
100,sac,3,19.25,20.96,7.87,37.02,0.3532,0.4475,0.0000,0.0405,0,-0.2893,0.1961,heating
100,sac,3,19.50,20.96,7.63,37.02,0.3320,0.4798,0.0000,0.0411,0,-0.2831,0.1997,heating
100,sac,3,19.75,20.96,7.39,37.02,0.3112,0.5111,0.0000,0.0417,0,-0.2772,0.2033,heating
100,sac,3,20.00,20.96,7.16,24.07,0.2909,0.5431,0.0000,0.0424,0,-0.2709,0.2067,heating
100,sac,3,20.25,20.97,6.94,24.07,0.2984,1.6751,0.0000,0.0292,0,0.1042,0.2156,heating
100,sac,3,20.50,20.97,6.72,24.07,0.3047,1.6147,0.0000,0.0295,0,0.0868,0.2136,heating
100,sac,3,20.75,20.97,6.52,24.07,0.3098,1.5758,0.0000,0.0304,0,0.0701,0.2164,heating
100,sac,3,21.00,20.97,6.33,24.07,0.3137,1.5404,0.0000,0.0313,0,0.0545,0.2192,heating
100,sac,3,21.25,20.97,6.15,24.07,0.3166,1.5097,0.0000,0.0321,0,0.0407,0.2219,heating
100,sac,3,21.50,20.97,5.99,24.07,0.3187,1.4826,0.0000,0.0329,0,0.0283,0.2244,heating
100,sac,3,21.75,20.97,5.83,24.07,0.3199,1.4576,0.0000,0.0336,0,0.0169,0.2267,heating
100,sac,3,22.00,20.97,5.69,24.07,0.3204,1.4350,0.0000,0.0344,0,0.0066,0.2288,heating
100,sac,3,22.25,20.97,5.57,24.07,0.3202,1.4153,0.0000,0.0348,0,-0.0027,0.2307,heating
100,sac,3,22.50,20.96,5.46,24.07,0.3194,1.3977,0.0000,0.0353,0,-0.0110,0.2324,heating
100,sac,3,22.75,20.96,5.37,24.07,0.3180,1.3820,0.0000,0.0358,0,-0.0183,0.2337,heating
100,sac,3,23.00,20.96,5.29,24.07,0.3161,1.3680,0.0000,0.0363,0,-0.0246,0.2348,heating
100,sac,3,23.25,20.96,5.24,24.07,0.3139,1.3557,0.0000,0.0369,0,-0.0301,0.2357,heating
100,sac,3,23.50,20.96,5.19,24.07,0.3113,1.3449,0.0000,0.0376,0,-0.0346,0.2363,heating
100,sac,3,23.75,20.96,5.17,24.07,0.3084,1.3356,0.0000,0.0382,0,-0.0384,0.2367,heating
100,rule,3,0.00,20.73,5.16,16.66,0.6648,2.6000,0.0000,0.2651,0,0.7000,0.0000,off
100,rule,3,0.25,20.15,5.17,16.66,0.7155,2.6000,0.0000,0.8489,0,0.7000,0.0000,off
100,rule,3,0.50,19.59,5.19,16.66,0.7661,2.6000,0.0000,1.4098,0,0.7000,0.0000,off
100,rule,3,0.75,19.05,5.24,16.66,0.8167,2.6000,0.0000,1.9481,0,0.7000,0.0000,off
100,rule,3,1.00,18.54,5.29,16.66,0.8167,0.5000,0.0000,2.4640,0,0.0000,0.0000,off
100,rule,3,1.25,18.54,5.37,16.66,0.8167,1.3000,0.0000,2.4577,0,0.0000,0.2000,heating
100,rule,3,1.50,18.55,5.46,16.66,0.8167,1.3000,0.0000,2.4482,0,0.0000,0.2000,heating
100,rule,3,1.75,18.57,5.57,16.66,0.8167,1.3000,0.0000,2.4350,0,0.0000,0.2000,heating
100,rule,3,2.00,18.58,5.69,16.66,0.8167,1.3000,0.0000,2.4176,0,0.0000,0.2000,heating
100,rule,3,2.25,18.60,5.83,16.66,0.8167,1.3000,0.0000,2.3957,0,0.0000,0.2000,heating
100,rule,3,2.50,18.63,5.99,16.66,0.8167,1.3000,0.0000,2.3689,0,0.0000,0.2000,heating
100,rule,3,2.75,18.66,6.15,16.66,0.8167,1.3000,0.0000,2.3369,0,0.0000,0.2000,heating
100,rule,3,3.00,18.70,6.33,16.66,0.8167,1.3000,0.0000,2.2994,0,0.0000,0.2000,heating
100,rule,3,3.25,18.74,6.52,16.66,0.8167,1.3000,0.0000,2.2561,0,0.0000,0.2000,heating
100,rule,3,3.50,18.79,6.72,16.66,0.8167,1.3000,0.0000,2.2069,0,0.0000,0.2000,heating
100,rule,3,3.75,18.85,6.94,16.66,0.8167,1.3000,0.0000,2.1515,0,0.0000,0.2000,heating
100,rule,3,4.00,18.91,7.16,16.66,0.8167,1.3000,0.0000,2.0899,0,0.0000,0.2000,heating
100,rule,3,4.25,18.98,7.39,16.66,0.8167,1.3000,0.0000,2.0219,0,0.0000,0.2000,heating
100,rule,3,4.50,19.05,7.63,16.66,0.8167,1.3000,0.0000,1.9475,0,0.0000,0.2000,heating
100,rule,3,4.75,18.63,7.87,16.66,0.8167,0.5000,0.0000,2.3668,0,0.0000,0.0000,off
100,rule,3,5.00,18.74,8.12,22.21,0.8167,1.3000,0.0000,2.2609,0,0.0000,0.2000,heating
100,rule,3,5.25,18.85,8.38,22.21,0.8167,1.3000,0.0000,2.1494,0,0.0000,0.2000,heating
100,rule,3,5.50,18.97,8.64,22.21,0.8167,1.3000,0.0000,2.0324,0,0.0000,0.2000,heating
100,rule,3,5.75,19.09,8.90,22.21,0.8167,1.3000,0.0000,1.9101,0,0.0000,0.2000,heating
100,rule,3,6.00,18.72,9.16,22.21,0.8167,0.5000,0.0000,2.2825,0,0.0000,0.0000,off
100,rule,3,6.25,18.87,9.42,22.21,0.8167,1.2439,0.0561,2.1312,0,0.0000,0.2000,heating
100,rule,3,6.50,19.02,9.68,22.21,0.8167,1.1896,0.1104,1.9757,0,0.0000,0.2000,heating
100,rule,3,6.75,18.68,9.94,22.21,0.8167,0.3300,0.1700,2.3164,0,0.0000,0.0000,off
100,rule,3,7.00,18.87,10.19,22.21,0.8167,1.0800,0.2200,2.1348,0,0.0000,0.2000,heating
100,rule,3,7.25,19.05,10.44,22.21,0.8167,1.0249,0.2751,1.9506,0,0.0000,0.2000,heating
100,rule,3,7.50,18.74,10.69,22.21,0.8167,0.1677,0.3323,2.2641,0,0.0000,0.0000,off
100,rule,3,7.75,18.94,10.93,22.21,0.8529,2.4192,0.3808,2.0569,0,0.5000,0.2000,heating
100,rule,3,8.00,19.15,11.16,22.21,0.8890,2.3742,0.4258,1.8488,0,0.5000,0.2000,heating
100,rule,3,8.25,18.86,11.38,22.21,0.9252,1.5325,0.4675,2.1402,0,0.5000,0.0000,off
100,rule,3,8.50,19.09,11.59,22.21,0.9252,0.7695,0.5305,1.9126,0,0.0000,0.2000,heating
100,rule,3,8.75,18.81,11.80,22.21,0.9252,0.0000,0.5662,2.1861,0,0.0000,0.0000,off
100,rule,3,9.00,21.06,11.99,22.21,0.9252,3.8930,0.6070,0.0579,1,0.0000,1.0000,heating
100,rule,3,9.25,20.12,12.17,22.21,0.9252,1.0542,0.6458,0.8755,1,0.0000,-0.3000,cooling
100,rule,3,9.50,22.33,12.33,22.21,0.9252,3.8310,0.6690,1.3323,1,0.0000,1.0000,heating
100,rule,3,9.75,19.96,12.48,22.21,0.9252,3.7869,0.7131,1.0370,1,0.0000,-1.0000,cooling
100,rule,3,10.00,22.19,12.62,22.21,0.9252,3.7572,0.7428,1.1877,1,0.0000,1.0000,heating
100,rule,3,10.25,19.83,12.75,22.21,0.9252,3.7301,0.7699,1.1663,1,0.0000,-1.0000,cooling
100,rule,3,10.50,22.07,12.85,22.21,0.9252,3.7197,0.7803,1.0719,1,0.0000,1.0000,heating
100,rule,3,10.75,19.73,12.95,22.21,0.9252,3.6829,0.8171,1.2703,1,0.0000,-1.0000,cooling
100,rule,3,11.00,21.98,13.02,22.21,0.9252,3.6881,0.8119,0.9782,1,0.0000,1.0000,heating
100,rule,3,11.25,19.64,13.08,22.21,0.9252,3.6669,0.8331,1.3554,1,0.0000,-1.0000,cooling
100,rule,3,11.50,21.90,13.12,22.21,0.9252,3.6654,0.8346,0.9001,1,0.0000,1.0000,heating
100,rule,3,11.75,19.57,13.15,22.21,0.9252,3.6376,0.8624,1.4281,1,0.0000,-1.0000,cooling
100,rule,3,12.00,21.83,13.16,22.21,0.9252,3.6444,0.8556,0.8314,1,0.0000,1.0000,heating
100,rule,3,12.25,19.51,13.15,22.21,0.9252,3.6474,0.8526,1.4941,1,0.0000,-1.0000,cooling
100,rule,3,12.50,21.77,13.12,22.21,0.9252,3.6665,0.8335,0.7666,1,0.0000,1.0000,heating
100,rule,3,12.75,19.44,13.08,22.21,0.9252,3.6629,0.8371,1.5591,1,0.0000,-1.0000,cooling
100,rule,3,13.00,21.70,13.02,22.21,0.9252,3.6829,0.8171,0.7002,1,0.0000,1.0000,heating
100,rule,3,13.25,19.37,12.95,22.21,0.9252,3.6964,0.8036,1.6281,1,0.0000,-1.0000,cooling
100,rule,3,13.50,21.63,12.85,22.21,0.9252,3.7130,0.7870,0.6275,1,0.0000,1.0000,heating
100,rule,3,13.75,19.29,12.75,22.21,0.9252,3.7262,0.7738,1.7055,1,0.0000,-1.0000,cooling
100,rule,3,14.00,21.54,12.62,22.21,0.9252,3.7504,0.7496,0.5443,1,0.0000,1.0000,heating
100,rule,3,14.25,19.20,12.48,22.21,0.9252,3.7928,0.7072,1.7955,1,0.0000,-1.0000,cooling
100,rule,3,14.50,21.45,12.33,22.21,0.9252,3.8165,0.6835,0.4468,1,0.0000,1.0000,heating
100,rule,3,14.75,20.50,12.17,22.21,0.9252,1.0565,0.6435,0.5012,1,0.0000,-0.3000,cooling
100,rule,3,15.00,22.68,11.99,22.21,0.9252,3.8908,0.6092,1.6796,1,0.0000,1.0000,heating
100,rule,3,15.25,20.27,11.80,22.21,0.9252,3.9398,0.5602,0.7285,1,0.0000,-1.0000,cooling
100,rule,3,15.50,22.45,11.59,22.21,0.9252,3.9707,0.5293,1.4461,1,0.0000,1.0000,heating
100,rule,3,15.75,20.03,11.38,22.21,0.9252,4.0215,0.4785,0.9689,1,0.0000,-1.0000,cooling
100,rule,3,16.00,22.20,11.16,37.02,0.9252,4.0776,0.4224,1.1984,1,0.0000,1.0000,heating
100,rule,3,16.25,19.78,10.93,37.02,0.8652,1.8060,0.3796,1.2243,1,-0.8000,-1.0000,cooling
100,rule,3,16.50,21.94,10.69,37.02,0.8052,1.8548,0.3307,0.9350,1,-0.8000,1.0000,heating
100,rule,3,16.75,19.50,10.44,37.02,0.7452,1.9074,0.2782,1.4959,1,-0.8000,-1.0000,cooling
100,rule,3,17.00,19.15,10.19,37.02,0.6852,0.0000,0.2209,1.8450,0,-0.8000,0.0000,off
100,rule,3,17.25,18.81,9.94,37.02,0.6252,0.0000,0.1654,2.1906,0,-0.8000,0.0000,off
100,rule,3,17.50,18.97,9.68,37.02,0.5652,0.0000,0.1122,2.0329,0,-0.8000,0.2000,heating
100,rule,3,17.75,19.11,9.42,37.02,0.5052,0.0000,0.0565,1.8909,0,-0.8000,0.2000,heating
100,rule,3,18.00,18.74,9.16,37.02,0.4452,0.0000,0.0000,2.2641,0,-0.8000,0.0000,off
100,rule,3,18.25,18.87,8.90,37.02,0.3852,0.0000,0.0000,2.1330,0,-0.8000,0.2000,heating
100,rule,3,18.50,18.98,8.64,37.02,0.3252,0.0000,0.0000,2.0167,0,-0.8000,0.2000,heating
100,rule,3,18.75,19.09,8.38,37.02,0.2652,0.0000,0.0000,1.9144,0,-0.8000,0.2000,heating
100,rule,3,19.00,18.67,8.12,37.02,0.2652,0.5000,0.0000,2.3255,0,0.0000,0.0000,off
100,rule,3,19.25,18.77,7.87,37.02,0.2652,1.3000,0.0000,2.2305,0,0.0000,0.2000,heating
100,rule,3,19.50,18.85,7.63,37.02,0.2652,1.3000,0.0000,2.1483,0,0.0000,0.2000,heating
100,rule,3,19.75,18.92,7.39,37.02,0.2652,1.3000,0.0000,2.0782,0,0.0000,0.2000,heating
100,rule,3,20.00,18.98,7.16,24.07,0.2652,1.3000,0.0000,2.0193,0,0.0000,0.2000,heating
100,rule,3,20.25,19.03,6.94,24.07,0.2652,1.3000,0.0000,1.9709,0,0.0000,0.2000,heating
100,rule,3,20.50,18.57,6.72,24.07,0.2652,0.5000,0.0000,2.4324,0,0.0000,0.0000,off
100,rule,3,20.75,18.62,6.52,24.07,0.2652,1.3000,0.0000,2.3841,0,0.0000,0.2000,heating
100,rule,3,21.00,18.66,6.33,24.07,0.2652,1.3000,0.0000,2.3448,0,0.0000,0.2000,heating
100,rule,3,21.25,18.69,6.15,24.07,0.2652,1.3000,0.0000,2.3137,0,0.0000,0.2000,heating
100,rule,3,21.50,18.71,5.99,24.07,0.2652,1.3000,0.0000,2.2900,0,0.0000,0.2000,heating
100,rule,3,21.75,18.73,5.83,24.07,0.2652,1.3000,0.0000,2.2729,0,0.0000,0.2000,heating
100,rule,3,22.00,18.74,5.69,24.07,0.2652,1.3000,0.0000,2.2616,0,0.0000,0.2000,heating
100,rule,3,22.25,18.74,5.57,24.07,0.2652,1.3000,0.0000,2.2554,0,0.0000,0.2000,heating
100,rule,3,22.50,18.75,5.46,24.07,0.2652,1.3000,0.0000,2.2535,0,0.0000,0.2000,heating
100,rule,3,22.75,18.74,5.37,24.07,0.2652,1.3000,0.0000,2.2551,0,0.0000,0.2000,heating
100,rule,3,23.00,18.74,5.29,24.07,0.2652,1.3000,0.0000,2.2594,0,0.0000,0.2000,heating
100,rule,3,23.25,18.73,5.24,24.07,0.2652,1.3000,0.0000,2.2659,0,0.0000,0.2000,heating
100,rule,3,23.50,18.73,5.19,24.07,0.2652,1.3000,0.0000,2.2737,0,0.0000,0.2000,heating
100,rule,3,23.75,18.72,5.17,24.07,0.2652,1.3000,0.0000,2.2821,0,0.0000,0.2000,heating
200,naive,0,0.00,20.32,-5.26,1.80,0.3422,4.5000,0.0000,0.6820,1,0.0000,1.0000,heating
200,naive,0,0.25,21.86,-5.25,1.80,0.3422,4.5000,0.0000,0.8591,1,0.0000,1.0000,heating
200,naive,0,0.50,20.84,-5.23,1.80,0.3422,0.5000,0.0000,0.1568,1,0.0000,0.0000,off
200,naive,0,0.75,22.37,-5.20,1.80,0.3422,4.5000,0.0000,1.3665,1,0.0000,1.0000,heating
200,naive,0,1.00,21.33,-5.16,1.80,0.3422,0.5000,0.0000,0.3345,1,0.0000,0.0000,off
200,naive,0,1.25,20.34,-5.10,1.80,0.3422,0.5000,0.0000,0.6568,1,0.0000,0.0000,off
200,naive,0,1.50,21.89,-5.03,1.80,0.3422,4.5000,0.0000,0.8917,1,0.0000,1.0000,heating
200,naive,0,1.75,20.89,-4.95,1.80,0.3422,0.5000,0.0000,0.1148,1,0.0000,0.0000,off
200,naive,0,2.00,22.42,-4.86,1.80,0.3422,4.5000,0.0000,1.4199,1,0.0000,1.0000,heating
200,naive,0,2.25,21.40,-4.75,1.80,0.3422,0.5000,0.0000,0.4009,1,0.0000,0.0000,off
200,naive,0,2.50,20.42,-4.64,1.80,0.3422,0.5000,0.0000,0.5756,1,0.0000,0.0000,off
200,naive,0,2.75,21.99,-4.51,1.80,0.3422,4.5000,0.0000,0.9893,1,0.0000,1.0000,heating
200,naive,0,3.00,21.00,-4.38,1.80,0.3422,0.5000,0.0000,0.0004,1,0.0000,0.0000,off
200,naive,0,3.25,20.05,-4.24,1.80,0.3422,0.5000,0.0000,0.9459,1,0.0000,0.0000,off
200,naive,0,3.50,21.65,-4.08,1.80,0.3422,4.5000,0.0000,0.6489,1,0.0000,1.0000,heating
200,naive,0,3.75,20.69,-3.92,1.80,0.3422,0.5000,0.0000,0.3101,1,0.0000,0.0000,off
200,naive,0,4.00,22.27,-3.76,1.80,0.3422,4.5000,0.0000,1.2730,1,0.0000,1.0000,heating
200,naive,0,4.25,21.30,-3.59,1.80,0.3422,0.5000,0.0000,0.3034,1,0.0000,0.0000,off
200,naive,0,4.50,20.38,-3.41,1.80,0.3422,0.5000,0.0000,0.6232,1,0.0000,0.0000,off
200,naive,0,4.75,21.99,-3.22,1.80,0.3422,4.5000,0.0000,0.9918,1,0.0000,1.0000,heating
200,naive,0,5.00,21.05,-3.03,23.18,0.3422,0.5000,0.0000,0.0533,1,0.0000,0.0000,off
200,naive,0,5.25,20.16,-2.84,23.18,0.3422,0.5000,0.0000,0.8428,1,0.0000,0.0000,off
200,naive,0,5.50,21.80,-2.65,23.18,0.3422,4.5000,0.0000,0.8019,1,0.0000,1.0000,heating
200,naive,0,5.75,20.89,-2.45,23.18,0.3422,0.5000,0.0000,0.1077,1,0.0000,0.0000,off
200,naive,0,6.00,22.52,-2.26,23.18,0.3422,4.5000,0.0000,1.5242,1,0.0000,1.0000,heating
200,naive,0,6.25,21.60,-2.06,23.18,0.3422,0.4574,0.0426,0.6022,1,0.0000,0.0000,off
200,naive,0,6.50,20.72,-1.87,23.18,0.3422,0.4148,0.0852,0.2779,1,0.0000,0.0000,off
200,naive,0,6.75,22.38,-1.67,23.18,0.3422,4.3748,0.1252,1.3823,1,0.0000,1.0000,heating
200,naive,0,7.00,21.49,-1.48,23.18,0.3422,0.3288,0.1712,0.4874,1,0.0000,0.0000,off
200,naive,0,7.25,20.63,-1.29,23.18,0.3422,0.2888,0.2112,0.3669,1,0.0000,0.0000,off
200,naive,0,7.50,22.32,-1.11,23.18,0.3422,4.2519,0.2481,1.3177,1,0.0000,1.0000,heating
200,naive,0,7.75,21.45,-0.93,23.18,0.3422,0.2180,0.2820,0.4459,1,0.0000,0.0000,off
200,naive,0,8.00,20.61,-0.76,23.18,0.3422,0.1691,0.3309,0.3868,1,0.0000,0.0000,off
200,naive,0,8.25,22.32,-0.59,23.18,0.3422,4.1438,0.3562,1.3180,1,0.0000,1.0000,heating
200,naive,0,8.50,21.46,-0.43,23.18,0.3422,0.1048,0.3952,0.4649,1,0.0000,0.0000,off
200,naive,0,8.75,20.65,-0.28,23.18,0.3422,0.0674,0.4326,0.3505,1,0.0000,0.0000,off
200,naive,0,9.00,22.37,-0.14,23.18,0.3422,4.0496,0.4504,1.3700,0,0.0000,1.0000,heating
200,naive,0,9.25,21.53,-0.00,23.18,0.3422,0.0126,0.4874,0.5310,0,0.0000,0.0000,off
200,naive,0,9.50,20.73,0.12,23.18,0.3422,0.0000,0.5228,0.2718,0,0.0000,0.0000,off
200,naive,0,9.75,22.46,0.24,23.18,0.3422,3.9510,0.5490,1.4597,0,0.0000,1.0000,heating
200,naive,0,10.00,21.63,0.34,23.18,0.3422,0.0000,0.5658,0.6302,0,0.0000,0.0000,off
200,naive,0,10.25,20.84,0.43,23.18,0.3422,0.0000,0.5890,0.1647,0,0.0000,0.0000,off
200,naive,0,10.50,22.57,0.51,23.18,0.3422,3.9032,0.5968,1.5732,0,0.0000,1.0000,heating
200,naive,0,10.75,21.75,0.58,23.18,0.3422,0.0000,0.6123,0.7486,0,0.0000,0.0000,off
200,naive,0,11.00,20.96,0.64,23.18,0.3422,0.0000,0.6389,0.0430,0,0.0000,0.0000,off
200,naive,0,11.25,22.70,0.68,23.18,0.3422,3.8653,0.6347,1.6968,0,0.0000,1.0000,heating
200,naive,0,11.50,21.87,0.72,23.18,0.3422,0.0000,0.6379,0.8725,0,0.0000,0.0000,off
200,naive,0,11.75,21.08,0.74,23.18,0.3422,0.0000,0.6483,0.0799,0,0.0000,0.0000,off
200,naive,0,12.00,20.32,0.74,23.18,0.3422,0.0000,0.6488,0.6828,0,0.0000,0.0000,off
200,naive,0,12.25,22.08,0.74,23.18,0.3422,3.8451,0.6549,1.0829,0,0.0000,1.0000,heating
200,naive,0,12.50,21.28,0.72,23.18,0.3422,0.0000,0.6521,0.2816,0,0.0000,0.0000,off
200,naive,0,12.75,20.51,0.68,23.18,0.3422,0.0000,0.6264,0.4908,0,0.0000,0.0000,off
200,naive,0,13.00,22.26,0.64,23.18,0.3422,3.8788,0.6212,1.2641,0,0.0000,1.0000,heating
200,naive,0,13.25,21.45,0.58,23.18,0.3422,0.0000,0.6175,0.4510,0,0.0000,0.0000,off
200,naive,0,13.50,20.67,0.51,23.18,0.3422,0.0000,0.5915,0.3341,0,0.0000,0.0000,off
200,naive,0,13.75,22.41,0.43,23.18,0.3422,3.9168,0.5832,1.4071,0,0.0000,1.0000,heating
200,naive,0,14.00,21.58,0.34,23.18,0.3422,0.0000,0.5656,0.5796,0,0.0000,0.0000,off
200,naive,0,14.25,20.78,0.24,23.18,0.3422,0.0000,0.5356,0.2208,0,0.0000,0.0000,off
200,naive,0,14.50,22.50,0.12,23.18,0.3422,3.9935,0.5065,1.5046,0,0.0000,1.0000,heating
200,naive,0,14.75,21.66,-0.00,23.18,0.3422,0.0173,0.4827,0.6606,0,0.0000,0.0000,off
200,naive,0,15.00,20.84,-0.14,23.18,0.3422,0.0439,0.4561,0.1569,0,0.0000,0.0000,off
200,naive,0,15.25,22.55,-0.28,23.18,0.3422,4.0735,0.4265,1.5510,0,0.0000,1.0000,heating
200,naive,0,15.50,21.69,-0.43,23.18,0.3422,0.1003,0.3997,0.6892,0,0.0000,0.0000,off
200,naive,0,15.75,20.85,-0.59,23.18,0.3422,0.1436,0.3564,0.1464,0,0.0000,0.0000,off
200,naive,0,16.00,22.54,-0.76,38.63,0.3422,4.1812,0.3188,1.5432,0,0.0000,1.0000,heating
200,naive,0,16.25,21.66,-0.93,38.63,0.3422,0.2142,0.2858,0.6629,0,0.0000,0.0000,off
200,naive,0,16.50,20.81,-1.11,38.63,0.3422,0.2523,0.2477,0.1911,0,0.0000,0.0000,off
200,naive,0,16.75,22.48,-1.29,38.63,0.3422,4.2882,0.2118,1.4801,0,0.0000,1.0000,heating
200,naive,0,17.00,21.58,-1.48,38.63,0.3422,0.3354,0.1646,0.5815,1,0.0000,0.0000,off
200,naive,0,17.25,20.71,-1.67,38.63,0.3422,0.3741,0.1259,0.2906,1,0.0000,0.0000,off
200,naive,0,17.50,22.36,-1.87,38.63,0.3422,4.4141,0.0859,1.3628,1,0.0000,1.0000,heating
200,naive,0,17.75,21.45,-2.06,38.63,0.3422,0.4575,0.0425,0.4469,1,0.0000,0.0000,off
200,naive,0,18.00,20.56,-2.26,38.63,0.3422,0.5000,0.0000,0.4420,1,0.0000,0.0000,off
200,naive,0,18.25,22.20,-2.45,38.63,0.3422,4.5000,0.0000,1.1950,1,0.0000,1.0000,heating
200,naive,0,18.50,21.26,-2.65,38.63,0.3422,0.5000,0.0000,0.2633,1,0.0000,0.0000,off
200,naive,0,18.75,20.36,-2.84,38.63,0.3422,0.5000,0.0000,0.6407,1,0.0000,0.0000,off
200,naive,0,19.00,21.98,-3.03,38.63,0.3422,4.5000,0.0000,0.9821,1,0.0000,1.0000,heating
200,naive,0,19.25,21.04,-3.22,38.63,0.3422,0.5000,0.0000,0.0369,1,0.0000,0.0000,off
200,naive,0,19.50,20.12,-3.41,38.63,0.3422,0.5000,0.0000,0.8797,1,0.0000,0.0000,off
200,naive,0,19.75,21.73,-3.59,38.63,0.3422,4.5000,0.0000,0.7313,1,0.0000,1.0000,heating
200,naive,0,20.00,20.78,-3.76,25.11,0.3422,0.5000,0.0000,0.2245,1,0.0000,0.0000,off
200,naive,0,20.25,22.35,-3.92,25.11,0.3422,4.5000,0.0000,1.3492,1,0.0000,1.0000,heating
200,naive,0,20.50,21.36,-4.08,25.11,0.3422,0.5000,0.0000,0.3579,1,0.0000,0.0000,off
200,naive,0,20.75,20.40,-4.24,25.11,0.3422,0.5000,0.0000,0.6019,1,0.0000,0.0000,off
200,naive,0,21.00,21.97,-4.38,25.11,0.3422,4.5000,0.0000,0.9690,1,0.0000,1.0000,heating
200,naive,0,21.25,20.98,-4.51,25.11,0.3422,0.5000,0.0000,0.0241,1,0.0000,0.0000,off
200,naive,0,21.50,22.52,-4.64,25.11,0.3422,4.5000,0.0000,1.5154,1,0.0000,1.0000,heating
200,naive,0,21.75,21.49,-4.75,25.11,0.3422,0.5000,0.0000,0.4928,1,0.0000,0.0000,off
200,naive,0,22.00,20.50,-4.86,25.11,0.3422,0.5000,0.0000,0.4953,1,0.0000,0.0000,off
200,naive,0,22.25,22.05,-4.95,25.11,0.3422,4.5000,0.0000,1.0502,1,0.0000,1.0000,heating
200,naive,0,22.50,21.03,-5.03,25.11,0.3422,0.5000,0.0000,0.0347,1,0.0000,0.0000,off
200,naive,0,22.75,20.05,-5.10,25.11,0.3422,0.5000,0.0000,0.9453,1,0.0000,0.0000,off
200,naive,0,23.00,21.61,-5.16,2.60,0.3422,4.5000,0.0000,0.6093,1,0.0000,1.0000,heating
200,naive,0,23.25,20.60,-5.20,2.60,0.3422,0.5000,0.0000,0.3961,1,0.0000,0.0000,off
200,naive,0,23.50,22.14,-5.23,2.60,0.3422,4.5000,0.0000,1.1351,1,0.0000,1.0000,heating
200,naive,0,23.75,21.11,-5.25,2.60,0.3422,0.5000,0.0000,0.1081,1,0.0000,0.0000,off
200,sac,0,0.00,20.26,-5.26,1.80,0.3780,5.8926,0.0000,0.7388,1,0.4945,0.9773,heating
200,sac,0,0.25,21.00,-5.25,1.80,0.4146,4.7271,0.0000,0.0012,1,0.5054,0.6777,heating
200,sac,0,0.50,21.00,-5.23,1.80,0.4509,3.5819,0.0000,0.0016,1,0.5029,0.3933,heating
200,sac,0,0.75,21.00,-5.20,1.80,0.4863,3.5382,0.0000,0.0015,1,0.4887,0.3930,heating
200,sac,0,1.00,21.00,-5.16,1.80,0.5206,3.4940,0.0000,0.0013,1,0.4749,0.3924,heating
200,sac,0,1.25,21.00,-5.10,1.80,0.5532,3.4182,0.0000,0.0012,1,0.4507,0.3915,heating
200,sac,0,1.50,21.00,-5.03,1.80,0.5841,3.3438,0.0000,0.0008,1,0.4272,0.3906,heating
200,sac,0,1.75,21.00,-4.95,1.80,0.6134,3.2718,0.0000,0.0005,1,0.4048,0.3894,heating
200,sac,0,2.00,21.00,-4.86,1.80,0.6411,3.2014,0.0000,0.0001,1,0.3832,0.3880,heating
200,sac,0,2.25,21.00,-4.75,1.80,0.6673,3.1331,0.0000,0.0002,1,0.3625,0.3864,heating
200,sac,0,2.50,21.00,-4.64,1.80,0.6921,3.0679,0.0000,0.0003,1,0.3431,0.3846,heating
200,sac,0,2.75,21.00,-4.51,1.80,0.7157,3.0062,0.0000,0.0002,1,0.3252,0.3827,heating
200,sac,0,3.00,21.00,-4.38,1.80,0.7380,2.9484,0.0000,0.0000,1,0.3086,0.3806,heating
200,sac,0,3.25,21.00,-4.24,1.80,0.7592,2.8942,0.0000,0.0001,1,0.2934,0.3785,heating
200,sac,0,3.50,21.00,-4.08,1.80,0.7794,2.8433,0.0000,0.0002,1,0.2795,0.3762,heating
200,sac,0,3.75,21.00,-3.92,1.80,0.7987,2.7958,0.0000,0.0004,1,0.2669,0.3738,heating
200,sac,0,4.00,21.00,-3.76,1.80,0.8172,2.7515,0.0000,0.0006,1,0.2554,0.3713,heating
200,sac,0,4.25,21.00,-3.59,1.80,0.8349,2.7103,0.0000,0.0008,1,0.2452,0.3687,heating
200,sac,0,4.50,21.00,-3.41,1.80,0.8520,2.6719,0.0000,0.0010,1,0.2360,0.3660,heating
200,sac,0,4.75,21.00,-3.22,1.80,0.8685,2.6363,0.0000,0.0013,1,0.2278,0.3632,heating
200,sac,0,5.00,21.00,-3.03,23.18,0.8844,2.6032,0.0000,0.0015,1,0.2205,0.3604,heating
200,sac,0,5.25,21.00,-2.84,23.18,0.8558,0.8244,0.0000,0.0026,1,-0.3817,0.3572,heating
200,sac,0,5.50,21.00,-2.65,23.18,0.8293,0.8963,0.0000,0.0031,1,-0.3531,0.3545,heating
200,sac,0,5.75,21.00,-2.45,23.18,0.8049,0.9655,0.0000,0.0036,1,-0.3252,0.3516,heating
200,sac,0,6.00,21.00,-2.26,23.18,0.7826,1.0332,0.0000,0.0035,1,-0.2980,0.3489,heating
200,sac,0,6.25,21.00,-2.06,23.18,0.7622,1.0551,0.0426,0.0033,1,-0.2717,0.3460,heating
200,sac,0,6.50,21.00,-1.87,23.18,0.7438,1.0790,0.0852,0.0031,1,-0.2447,0.3430,heating
200,sac,0,6.75,21.00,-1.67,23.18,0.7274,1.1027,0.1252,0.0029,1,-0.2186,0.3401,heating
200,sac,0,7.00,21.00,-1.48,23.18,0.7129,1.1171,0.1712,0.0028,1,-0.1938,0.3373,heating
200,sac,0,7.25,21.00,-1.29,23.18,0.7002,1.1348,0.2112,0.0026,1,-0.1700,0.3344,heating
200,sac,0,7.50,21.00,-1.11,23.18,0.6891,1.1517,0.2481,0.0025,1,-0.1476,0.3317,heating
200,sac,0,7.75,21.00,-0.93,23.18,0.6796,1.1678,0.2820,0.0023,1,-0.1266,0.3290,heating
200,sac,0,8.00,21.00,-0.76,23.18,0.6716,1.1655,0.3309,0.0022,1,-0.1069,0.3264,heating
200,sac,0,8.25,21.00,-0.59,23.18,0.6650,1.1852,0.3562,0.0021,1,-0.0878,0.3239,heating
200,sac,0,8.50,21.00,-0.43,23.18,0.6597,1.1855,0.3952,0.0019,1,-0.0710,0.3215,heating
200,sac,0,8.75,21.00,-0.28,23.18,0.6556,1.1859,0.4326,0.0018,1,-0.0547,0.3192,heating
200,sac,0,9.00,20.99,-0.14,23.18,0.6506,1.1156,0.4504,0.0089,0,-0.0660,0.3142,heating
200,sac,0,9.25,20.99,-0.00,23.18,0.6468,1.1231,0.4874,0.0090,0,-0.0515,0.3149,heating
200,sac,0,9.50,20.99,0.12,23.18,0.6440,1.1214,0.5228,0.0093,0,-0.0371,0.3129,heating
200,sac,0,9.75,20.99,0.24,23.18,0.6422,1.1263,0.5490,0.0095,0,-0.0241,0.3112,heating
200,sac,0,10.00,20.99,0.34,23.18,0.6412,1.1369,0.5658,0.0096,0,-0.0125,0.3097,heating
200,sac,0,10.25,20.99,0.43,23.18,0.6410,1.1375,0.5890,0.0095,0,-0.0024,0.3084,heating
200,sac,0,10.50,20.99,0.51,23.18,0.6415,1.1526,0.5968,0.0095,0,0.0069,0.3072,heating
200,sac,0,10.75,20.99,0.58,23.18,0.6426,1.1563,0.6123,0.0092,0,0.0146,0.3062,heating
200,sac,0,11.00,20.99,0.64,23.18,0.6442,1.1474,0.6389,0.0089,0,0.0216,0.3054,heating
200,sac,0,11.25,20.99,0.68,23.18,0.6462,1.1688,0.6347,0.0087,0,0.0282,0.3047,heating
200,sac,0,11.50,20.99,0.72,23.18,0.6486,1.1774,0.6379,0.0081,0,0.0326,0.3044,heating
200,sac,0,11.75,20.99,0.74,23.18,0.6512,1.1777,0.6483,0.0075,0,0.0365,0.3041,heating
200,sac,0,12.00,20.99,0.74,23.18,0.6541,1.1871,0.6488,0.0069,0,0.0400,0.3040,heating
200,sac,0,12.25,20.99,0.74,23.18,0.6571,1.1883,0.6549,0.0062,0,0.0422,0.3042,heating
200,sac,0,12.50,20.99,0.72,23.18,0.6603,1.1974,0.6521,0.0054,0,0.0439,0.3045,heating
200,sac,0,12.75,21.00,0.68,23.18,0.6635,1.2272,0.6264,0.0045,0,0.0445,0.3050,heating
200,sac,0,13.00,21.00,0.64,23.18,0.6667,1.2325,0.6212,0.0034,0,0.0435,0.3058,heating
200,sac,0,13.25,21.00,0.58,23.18,0.6698,1.2375,0.6175,0.0024,0,0.0428,0.3066,heating
200,sac,0,13.50,21.00,0.51,23.18,0.6728,1.2640,0.5915,0.0013,0,0.0416,0.3077,heating
200,sac,0,13.75,21.00,0.43,23.18,0.6756,1.2693,0.5832,0.0001,0,0.0388,0.3090,heating
200,sac,0,14.00,21.00,0.34,23.18,0.6782,1.2848,0.5656,0.0011,0,0.0363,0.3104,heating
200,sac,0,14.25,21.00,0.24,23.18,0.6806,1.3112,0.5356,0.0023,0,0.0329,0.3120,heating
200,sac,0,14.50,21.00,0.12,23.18,0.6827,1.3343,0.5065,0.0037,0,0.0286,0.3138,heating
200,sac,0,14.75,21.01,-0.00,23.18,0.6844,1.3516,0.4827,0.0051,0,0.0239,0.3157,heating
200,sac,0,15.00,21.01,-0.14,23.18,0.6858,1.3720,0.4561,0.0065,0,0.0191,0.3177,heating
200,sac,0,15.25,21.01,-0.28,23.18,0.6868,1.3944,0.4265,0.0079,0,0.0138,0.3199,heating
200,sac,0,15.50,21.01,-0.43,23.18,0.6874,1.4134,0.3997,0.0093,0,0.0082,0.3222,heating
200,sac,0,15.75,21.01,-0.59,23.18,0.6876,1.4489,0.3564,0.0107,0,0.0023,0.3246,heating
200,sac,0,16.00,21.01,-0.76,38.63,0.6872,1.4771,0.3188,0.0121,0,-0.0044,0.3271,heating
200,sac,0,16.25,21.00,-0.93,38.63,0.6589,0.4228,0.2858,0.0024,0,-0.3775,0.3252,heating
200,sac,0,16.50,21.00,-1.11,38.63,0.6314,0.5222,0.2477,0.0041,0,-0.3662,0.3324,heating
200,sac,0,16.75,21.01,-1.29,38.63,0.6047,0.6014,0.2118,0.0073,0,-0.3559,0.3358,heating
200,sac,0,17.00,21.00,-1.48,38.63,0.5801,0.7250,0.1646,0.0019,1,-0.3288,0.3352,heating
200,sac,0,17.25,21.00,-1.67,38.63,0.5560,0.8042,0.1259,0.0014,1,-0.3213,0.3399,heating
200,sac,0,17.50,21.00,-1.87,38.63,0.5324,0.8773,0.0859,0.0012,1,-0.3140,0.3429,heating
200,sac,0,17.75,21.00,-2.06,38.63,0.5094,0.9516,0.0425,0.0010,1,-0.3074,0.3459,heating
200,sac,0,18.00,21.00,-2.26,38.63,0.4868,1.0230,0.0000,0.0008,1,-0.3015,0.3488,heating
200,sac,0,18.25,21.00,-2.45,38.63,0.4646,1.0508,0.0000,0.0005,1,-0.2959,0.3517,heating
200,sac,0,18.50,21.00,-2.65,38.63,0.4429,1.0844,0.0000,0.0004,1,-0.2884,0.3547,heating
200,sac,0,18.75,21.00,-2.84,38.63,0.4218,1.1170,0.0000,0.0006,1,-0.2813,0.3577,heating
200,sac,0,19.00,21.00,-3.03,38.63,0.4012,1.1479,0.0000,0.0008,1,-0.2746,0.3606,heating
200,sac,0,19.25,21.00,-3.22,38.63,0.3811,1.1777,0.0000,0.0010,1,-0.2682,0.3634,heating
200,sac,0,19.50,21.00,-3.41,38.63,0.3615,1.2065,0.0000,0.0011,1,-0.2620,0.3662,heating
200,sac,0,19.75,21.00,-3.59,38.63,0.3423,1.2345,0.0000,0.0012,1,-0.2561,0.3688,heating
200,sac,0,20.00,21.00,-3.76,25.11,0.3235,1.2618,0.0000,0.0013,1,-0.2502,0.3714,heating
200,sac,0,20.25,21.00,-3.92,25.11,0.3327,2.3753,0.0000,0.0001,1,0.1272,0.3734,heating
200,sac,0,20.50,21.00,-4.08,25.11,0.3406,2.3326,0.0000,0.0000,1,0.1092,0.3762,heating
200,sac,0,20.75,21.00,-4.24,25.11,0.3473,2.2914,0.0000,0.0001,1,0.0925,0.3785,heating
200,sac,0,21.00,21.00,-4.38,25.11,0.3529,2.2532,0.0000,0.0001,1,0.0768,0.3807,heating
200,sac,0,21.25,21.00,-4.51,25.11,0.3574,2.2178,0.0000,0.0002,1,0.0624,0.3827,heating
200,sac,0,21.50,21.00,-4.64,25.11,0.3609,2.1851,0.0000,0.0003,1,0.0490,0.3845,heating
200,sac,0,21.75,21.00,-4.75,25.11,0.3636,2.1552,0.0000,0.0004,1,0.0367,0.3862,heating
200,sac,0,22.00,21.00,-4.86,25.11,0.3654,2.1278,0.0000,0.0005,1,0.0255,0.3878,heating
200,sac,0,22.25,21.00,-4.95,25.11,0.3665,2.1029,0.0000,0.0006,1,0.0154,0.3892,heating
200,sac,0,22.50,21.00,-5.03,25.11,0.3670,2.0804,0.0000,0.0007,1,0.0063,0.3904,heating
200,sac,0,22.75,21.00,-5.10,25.11,0.3668,2.0603,0.0000,0.0008,1,-0.0019,0.3914,heating
200,sac,0,23.00,21.00,-5.16,2.60,0.3662,2.0430,0.0000,0.0009,1,-0.0091,0.3923,heating
200,sac,0,23.25,21.00,-5.20,2.60,0.4038,3.6339,0.0000,0.0012,1,0.5208,0.3929,heating
200,sac,0,23.50,21.00,-5.23,2.60,0.4404,3.5902,0.0000,0.0011,1,0.5054,0.3935,heating
200,sac,0,23.75,21.00,-5.25,2.60,0.4758,3.5460,0.0000,0.0010,1,0.4903,0.3938,heating
200,rule,0,0.00,20.32,-5.26,1.80,0.3929,6.6000,0.0000,0.6820,1,0.7000,1.0000,heating
200,rule,0,0.25,21.86,-5.25,1.80,0.4435,6.6000,0.0000,0.8591,1,0.7000,1.0000,heating
200,rule,0,0.50,18.84,-5.23,1.80,0.4941,6.6000,0.0000,2.1568,1,0.7000,-1.0000,cooling
200,rule,0,0.75,20.44,-5.20,1.80,0.5448,6.6000,0.0000,0.5585,1,0.7000,1.0000,heating
200,rule,0,1.00,21.98,-5.16,1.80,0.5954,6.6000,0.0000,0.9816,1,0.7000,1.0000,heating
200,rule,0,1.25,18.97,-5.10,1.80,0.6460,6.6000,0.0000,2.0339,1,0.7000,-1.0000,cooling
200,rule,0,1.50,20.57,-5.03,1.80,0.6967,6.6000,0.0000,0.4337,1,0.7000,1.0000,heating
200,rule,0,1.75,20.36,-4.95,1.80,0.7473,3.8000,0.0000,0.6405,1,0.7000,0.3000,heating
200,rule,0,2.00,21.91,-4.86,1.80,0.7979,6.6000,0.0000,0.9139,1,0.7000,1.0000,heating
200,rule,0,2.25,18.91,-4.75,1.80,0.8485,6.6000,0.0000,2.0861,1,0.7000,-1.0000,cooling
200,rule,0,2.50,20.53,-4.64,1.80,0.8485,4.5000,0.0000,0.4693,1,0.0000,1.0000,heating
200,rule,0,2.75,20.34,-4.51,1.80,0.8485,1.7000,0.0000,0.6585,1,0.0000,0.3000,heating
200,rule,0,3.00,21.91,-4.38,1.80,0.8485,4.5000,0.0000,0.9145,1,0.0000,1.0000,heating
200,rule,0,3.25,18.93,-4.24,1.80,0.8485,4.5000,0.0000,2.0662,1,0.0000,-1.0000,cooling
200,rule,0,3.50,20.57,-4.08,1.80,0.8485,4.5000,0.0000,0.4294,1,0.0000,1.0000,heating
200,rule,0,3.75,20.40,-3.92,1.80,0.8485,1.7000,0.0000,0.5980,1,0.0000,0.3000,heating
200,rule,0,4.00,22.00,-3.76,1.80,0.8485,4.5000,0.0000,0.9960,1,0.0000,1.0000,heating
200,rule,0,4.25,19.04,-3.59,1.80,0.8485,4.5000,0.0000,1.9633,1,0.0000,-1.0000,cooling
200,rule,0,4.50,20.70,-3.41,1.80,0.8485,4.5000,0.0000,0.3049,1,0.0000,1.0000,heating
200,rule,0,4.75,20.55,-3.22,1.80,0.8485,1.7000,0.0000,0.4518,1,0.0000,0.3000,heating
200,rule,0,5.00,20.41,-3.03,23.18,0.8485,1.7000,0.0000,0.5861,1,0.0000,0.3000,heating
200,rule,0,5.25,22.04,-2.84,23.18,0.8485,4.5000,0.0000,1.0417,1,0.0000,1.0000,heating
200,rule,0,5.50,19.12,-2.65,23.18,0.8485,4.5000,0.0000,1.8842,1,0.0000,-1.0000,cooling
200,rule,0,5.75,20.81,-2.45,23.18,0.8485,4.5000,0.0000,0.1931,1,0.0000,1.0000,heating
200,rule,0,6.00,20.69,-2.26,23.18,0.8485,1.7000,0.0000,0.3080,1,0.0000,0.3000,heating
200,rule,0,6.25,20.59,-2.06,23.18,0.8485,1.6574,0.0426,0.4113,1,0.0000,0.3000,heating
200,rule,0,6.50,20.50,-1.87,23.18,0.8485,1.6149,0.0852,0.5034,1,0.0000,0.3000,heating
200,rule,0,6.75,22.17,-1.67,23.18,0.8485,4.3748,0.1252,1.1653,1,0.0000,1.0000,heating
200,rule,0,7.00,19.28,-1.48,23.18,0.8485,4.3288,0.1712,1.7215,1,0.0000,-1.0000,cooling
200,rule,0,7.25,21.01,-1.29,23.18,0.8485,4.2888,0.2112,0.0070,1,0.0000,1.0000,heating
200,rule,0,7.50,19.58,-1.11,23.18,0.8485,1.4519,0.2481,1.4224,1,0.0000,-0.3000,cooling
200,rule,0,7.75,21.31,-0.93,23.18,0.8485,4.2180,0.2820,0.3085,1,0.0000,1.0000,heating
200,rule,0,8.00,19.88,-0.76,23.18,0.8485,1.3691,0.3309,1.1190,1,0.0000,-0.3000,cooling
200,rule,0,8.25,21.61,-0.59,23.18,0.8847,5.6438,0.3562,0.6133,1,0.5000,1.0000,heating
200,rule,0,8.50,18.79,-0.43,23.18,0.9209,5.6048,0.3952,2.2134,1,0.5000,-1.0000,cooling
200,rule,0,8.75,20.57,-0.28,23.18,0.9209,4.0674,0.4326,0.4284,1,0.0000,1.0000,heating
200,rule,0,9.00,19.80,-0.14,23.18,0.9209,0.0496,0.4504,1.2049,0,0.0000,0.0000,off
200,rule,0,9.25,19.05,-0.00,23.18,0.9209,0.0126,0.4874,1.9474,0,0.0000,0.0000,off
200,rule,0,9.50,18.34,0.12,23.18,0.9209,0.0000,0.5228,2.6573,0,0.0000,0.0000,off
200,rule,0,9.75,18.16,0.24,23.18,0.9209,0.7510,0.5490,2.8363,0,0.0000,0.2000,heating
200,rule,0,10.00,18.00,0.34,23.18,0.9209,0.7342,0.5658,3.0047,0,0.0000,0.2000,heating
200,rule,0,10.25,17.84,0.43,23.18,0.9209,0.7110,0.5890,3.1633,0,0.0000,0.2000,heating
200,rule,0,10.50,17.69,0.51,23.18,0.9209,0.7032,0.5968,3.3129,0,0.0000,0.2000,heating
200,rule,0,10.75,17.55,0.58,23.18,0.9209,0.6877,0.6123,3.4543,0,0.0000,0.2000,heating
200,rule,0,11.00,17.41,0.64,23.18,0.9209,0.6611,0.6389,3.5883,0,0.0000,0.2000,heating
200,rule,0,11.25,17.28,0.68,23.18,0.9209,0.6653,0.6347,3.7156,0,0.0000,0.2000,heating
200,rule,0,11.50,17.16,0.72,23.18,0.9209,0.6621,0.6379,3.8369,0,0.0000,0.2000,heating
200,rule,0,11.75,17.05,0.74,23.18,0.9209,0.6517,0.6483,3.9529,0,0.0000,0.2000,heating
200,rule,0,12.00,16.94,0.74,23.18,0.9209,0.6512,0.6488,4.0644,0,0.0000,0.2000,heating
200,rule,0,12.25,17.58,0.74,23.18,0.9209,1.8451,0.6549,3.4219,0,0.0000,0.5000,heating
200,rule,0,12.50,17.45,0.72,23.18,0.9209,0.6479,0.6521,3.5542,0,0.0000,0.2000,heating
200,rule,0,12.75,17.32,0.68,23.18,0.9209,0.6736,0.6264,3.6828,0,0.0000,0.2000,heating
200,rule,0,13.00,17.19,0.64,23.18,0.9209,0.6788,0.6212,3.8082,0,0.0000,0.2000,heating
200,rule,0,13.25,17.07,0.58,23.18,0.9209,0.6825,0.6175,3.9310,0,0.0000,0.2000,heating
200,rule,0,13.50,16.95,0.51,23.18,0.9209,0.7085,0.5915,4.0519,0,0.0000,0.2000,heating
200,rule,0,13.75,17.58,0.43,23.18,0.9209,1.9168,0.5832,3.4212,0,0.0000,0.5000,heating
200,rule,0,14.00,17.43,0.34,23.18,0.9209,0.7344,0.5656,3.5677,0,0.0000,0.2000,heating
200,rule,0,14.25,17.29,0.24,23.18,0.9209,0.7644,0.5356,3.7125,0,0.0000,0.2000,heating
200,rule,0,14.50,17.14,0.12,23.18,0.9209,0.7935,0.5065,3.8562,0,0.0000,0.2000,heating
200,rule,0,14.75,17.00,-0.00,23.18,0.9209,0.8173,0.4827,3.9992,0,0.0000,0.2000,heating
200,rule,0,15.00,16.86,-0.14,23.18,0.9209,0.8439,0.4561,4.1419,0,0.0000,0.2000,heating
200,rule,0,15.25,17.47,-0.28,23.18,0.9209,2.0735,0.4265,3.5346,0,0.0000,0.5000,heating
200,rule,0,15.50,17.29,-0.43,23.18,0.9209,0.9003,0.3997,3.7057,0,0.0000,0.2000,heating
200,rule,0,15.75,17.12,-0.59,23.18,0.9209,0.9436,0.3564,3.8764,0,0.0000,0.2000,heating
200,rule,0,16.00,16.95,-0.76,38.63,0.9209,0.9812,0.3188,4.0470,0,0.0000,0.2000,heating
200,rule,0,16.25,17.53,-0.93,38.63,0.8609,0.0000,0.2858,3.4677,0,-0.8000,0.5000,heating
200,rule,0,16.50,17.33,-1.11,38.63,0.8009,0.0000,0.2477,3.6667,0,-0.8000,0.2000,heating
200,rule,0,16.75,17.13,-1.29,38.63,0.7409,0.0000,0.2118,3.8653,0,-0.8000,0.2000,heating
200,rule,0,17.00,18.94,-1.48,38.63,0.6809,2.0209,0.1646,2.0634,1,-0.8000,1.0000,heating
200,rule,0,17.25,20.66,-1.67,38.63,0.6209,2.0597,0.1259,0.3362,1,-0.8000,1.0000,heating
200,rule,0,17.50,20.57,-1.87,38.63,0.5609,0.0000,0.0859,0.4311,1,-0.8000,0.3000,heating
200,rule,0,17.75,20.47,-2.06,38.63,0.5009,0.0000,0.0425,0.5298,1,-0.8000,0.3000,heating
200,rule,0,18.00,22.12,-2.26,38.63,0.4409,2.1855,0.0000,1.1179,1,-0.8000,1.0000,heating
200,rule,0,18.25,19.20,-2.45,38.63,0.3809,2.1855,0.0000,1.8036,1,-0.8000,-1.0000,cooling
200,rule,0,18.50,20.88,-2.65,38.63,0.3209,2.1855,0.0000,0.1228,1,-0.8000,1.0000,heating
200,rule,0,18.75,20.74,-2.84,38.63,0.2609,0.0000,0.0000,0.2623,1,-0.8000,0.3000,heating
200,rule,0,19.00,20.60,-3.03,38.63,0.2609,1.7000,0.0000,0.4038,1,0.0000,0.3000,heating
200,rule,0,19.25,20.45,-3.22,38.63,0.2609,1.7000,0.0000,0.5470,1,0.0000,0.3000,heating
200,rule,0,19.50,22.06,-3.41,38.63,0.2609,4.5000,0.0000,1.0583,1,0.0000,1.0000,heating
200,rule,0,19.75,19.10,-3.59,38.63,0.2609,4.5000,0.0000,1.9033,1,0.0000,-1.0000,cooling
200,rule,0,20.00,20.74,-3.76,25.11,0.2609,4.5000,0.0000,0.2604,1,0.0000,1.0000,heating
200,rule,0,20.25,20.56,-3.92,25.11,0.2609,1.7000,0.0000,0.4353,1,0.0000,0.3000,heating
200,rule,0,20.50,20.39,-4.08,25.11,0.2609,1.7000,0.0000,0.6097,1,0.0000,0.3000,heating
200,rule,0,20.75,21.97,-4.24,25.11,0.2609,4.5000,0.0000,0.9668,1,0.0000,1.0000,heating
200,rule,0,21.00,18.98,-4.38,25.11,0.2609,4.5000,0.0000,2.0211,1,0.0000,-1.0000,cooling
200,rule,0,21.25,20.60,-4.51,25.11,0.2609,4.5000,0.0000,0.4021,1,0.0000,1.0000,heating
200,rule,0,21.50,20.40,-4.64,25.11,0.2609,1.7000,0.0000,0.5985,1,0.0000,0.3000,heating
200,rule,0,21.75,21.96,-4.75,25.11,0.2609,4.5000,0.0000,0.9583,1,0.0000,1.0000,heating
200,rule,0,22.00,18.95,-4.86,25.11,0.2609,4.5000,0.0000,2.0473,1,0.0000,-1.0000,cooling
200,rule,0,22.25,20.56,-4.95,25.11,0.2609,4.5000,0.0000,0.4436,1,0.0000,1.0000,heating
200,rule,0,22.50,20.35,-5.03,25.11,0.2609,1.7000,0.0000,0.6531,1,0.0000,0.3000,heating
200,rule,0,22.75,21.89,-5.10,25.11,0.2609,4.5000,0.0000,0.8927,1,0.0000,1.0000,heating
200,rule,0,23.00,18.88,-5.16,2.60,0.2609,4.5000,0.0000,2.1216,1,0.0000,-1.0000,cooling
200,rule,0,23.25,20.48,-5.20,2.60,0.3115,6.6000,0.0000,0.5246,1,0.7000,1.0000,heating
200,rule,0,23.50,22.01,-5.23,2.60,0.3621,6.6000,0.0000,1.0114,1,0.7000,1.0000,heating
200,rule,0,23.75,18.99,-5.25,2.60,0.4128,6.6000,0.0000,2.0110,1,0.7000,-1.0000,cooling
300,naive,0,0.00,21.07,-0.72,18.24,0.2575,4.5000,0.0000,0.0669,1,0.0000,1.0000,heating
300,naive,0,0.25,20.25,-0.71,18.24,0.2575,0.5000,0.0000,0.7499,1,0.0000,0.0000,off
300,naive,0,0.50,21.96,-0.70,18.24,0.2575,4.5000,0.0000,0.9647,1,0.0000,1.0000,heating
300,naive,0,0.75,21.12,-0.66,18.24,0.2575,0.5000,0.0000,0.1161,1,0.0000,0.0000,off
300,naive,0,1.00,20.30,-0.62,18.24,0.2575,0.5000,0.0000,0.6989,1,0.0000,0.0000,off
300,naive,0,1.25,22.02,-0.56,18.24,0.2575,4.5000,0.0000,1.0187,1,0.0000,1.0000,heating
300,naive,0,1.50,21.17,-0.49,18.24,0.2575,0.5000,0.0000,0.1745,1,0.0000,0.0000,off
300,naive,0,1.75,20.37,-0.41,18.24,0.2575,0.5000,0.0000,0.6350,1,0.0000,0.0000,off
300,naive,0,2.00,22.09,-0.32,18.24,0.2575,4.5000,0.0000,1.0894,1,0.0000,1.0000,heating
300,naive,0,2.25,21.25,-0.22,18.24,0.2575,0.5000,0.0000,0.2530,1,0.0000,0.0000,off
300,naive,0,2.50,20.45,-0.10,18.24,0.2575,0.5000,0.0000,0.5478,1,0.0000,0.0000,off
300,naive,0,2.75,22.19,0.02,18.24,0.2575,4.5000,0.0000,1.1861,1,0.0000,1.0000,heating
300,naive,0,3.00,21.36,0.16,18.24,0.2575,0.5000,0.0000,0.3601,1,0.0000,0.0000,off
300,naive,0,3.25,20.57,0.30,18.24,0.2575,0.5000,0.0000,0.4297,1,0.0000,0.0000,off
300,naive,0,3.50,22.32,0.45,18.24,0.2575,4.5000,0.0000,1.3159,1,0.0000,1.0000,heating
300,naive,0,3.75,21.50,0.61,18.24,0.2575,0.5000,0.0000,0.5020,1,0.0000,0.0000,off
300,naive,0,4.00,20.72,0.78,18.24,0.2575,0.5000,0.0000,0.2751,1,0.0000,0.0000,off
300,naive,0,4.25,22.48,0.95,18.24,0.2575,4.5000,0.0000,1.4835,1,0.0000,1.0000,heating
300,naive,0,4.50,21.68,1.13,18.24,0.2575,0.5000,0.0000,0.6827,1,0.0000,0.0000,off
300,naive,0,4.75,20.92,1.31,18.24,0.2575,0.5000,0.0000,0.0811,1,0.0000,0.0000,off
300,naive,0,5.00,22.69,1.50,24.32,0.2575,4.5000,0.0000,1.6908,1,0.0000,1.0000,heating
300,naive,0,5.25,21.90,1.69,24.32,0.2575,0.5000,0.0000,0.9034,1,0.0000,0.0000,off
300,naive,0,5.50,21.15,1.89,24.32,0.2575,0.5000,0.0000,0.1528,1,0.0000,0.0000,off
300,naive,0,5.75,20.44,2.08,24.32,0.2575,0.5000,0.0000,0.5623,1,0.0000,0.0000,off
300,naive,0,6.00,22.26,2.28,24.32,0.2575,4.5000,0.0000,1.2568,1,0.0000,1.0000,heating
300,naive,0,6.25,21.51,2.48,24.32,0.2575,0.4764,0.0236,0.5150,1,0.0000,0.0000,off
300,naive,0,6.50,20.81,2.67,24.32,0.2575,0.4535,0.0465,0.1917,1,0.0000,0.0000,off
300,naive,0,6.75,22.64,2.86,24.32,0.2575,4.4301,0.0699,1.6354,1,0.0000,1.0000,heating
300,naive,0,7.00,21.90,3.06,24.32,0.2575,0.4082,0.0918,0.9011,1,0.0000,0.0000,off
300,naive,0,7.25,21.20,3.24,24.32,0.2575,0.3860,0.1140,0.2015,1,0.0000,0.0000,off
300,naive,0,7.50,20.53,3.43,24.32,0.2575,0.3619,0.1381,0.4651,1,0.0000,0.0000,off
300,naive,0,7.75,22.40,3.61,24.32,0.2575,4.3371,0.1629,1.4001,1,0.0000,1.0000,heating
300,naive,0,8.00,21.70,3.78,24.32,0.2575,0.3223,0.1777,0.7018,1,0.0000,0.0000,off
300,naive,0,8.25,21.04,3.95,24.32,0.2575,0.3030,0.1970,0.0360,1,0.0000,0.0000,off
300,naive,0,8.50,20.40,4.11,24.32,0.2575,0.2792,0.2208,0.5989,1,0.0000,0.0000,off
300,naive,0,8.75,22.30,4.26,24.32,0.2575,4.2611,0.2389,1.2957,1,0.0000,1.0000,heating
300,naive,0,9.00,21.62,4.40,24.32,0.2575,0.2422,0.2578,0.6246,1,0.0000,0.0000,off
300,naive,0,9.25,20.98,4.53,24.32,0.2575,0.2321,0.2679,0.0163,1,0.0000,0.0000,off
300,naive,0,9.50,22.87,4.66,24.32,0.2575,4.2118,0.2882,1.8715,1,0.0000,1.0000,heating
300,naive,0,9.75,22.19,4.77,24.32,0.2575,0.2053,0.2947,1.1929,1,0.0000,0.0000,off
300,naive,0,10.00,21.54,4.88,24.32,0.2575,0.1920,0.3080,0.5435,1,0.0000,0.0000,off
300,naive,0,10.25,20.92,4.97,24.32,0.2575,0.1771,0.3229,0.0780,1,0.0000,0.0000,off
300,naive,0,10.50,22.83,5.05,24.32,0.2575,4.1677,0.3323,1.8268,1,0.0000,1.0000,heating
300,naive,0,10.75,22.16,5.12,24.32,0.2575,0.1620,0.3380,1.1628,1,0.0000,0.0000,off
300,naive,0,11.00,21.53,5.18,24.32,0.2575,0.1551,0.3449,0.5258,1,0.0000,0.0000,off
300,naive,0,11.25,20.91,5.22,24.32,0.2575,0.1468,0.3532,0.0856,1,0.0000,0.0000,off
300,naive,0,11.50,22.83,5.25,24.32,0.2575,4.1440,0.3560,1.8271,1,0.0000,1.0000,heating
300,naive,0,11.75,22.17,5.27,24.32,0.2575,0.1457,0.3543,1.1688,1,0.0000,0.0000,off
300,naive,0,12.00,21.54,5.28,24.32,0.2575,0.1443,0.3557,0.5355,1,0.0000,0.0000,off
300,naive,0,12.25,20.93,5.27,24.32,0.2575,0.1432,0.3568,0.0744,1,0.0000,0.0000,off
300,naive,0,12.50,22.84,5.25,24.32,0.2575,4.1426,0.3574,1.8379,1,0.0000,1.0000,heating
300,naive,0,12.75,22.18,5.22,24.32,0.2575,0.1467,0.3533,1.1773,1,0.0000,0.0000,off
300,naive,0,13.00,21.54,5.18,24.32,0.2575,0.1565,0.3435,0.5398,1,0.0000,0.0000,off
300,naive,0,13.25,20.92,5.12,24.32,0.2575,0.1576,0.3424,0.0760,1,0.0000,0.0000,off
300,naive,0,13.50,22.83,5.05,24.32,0.2575,4.1668,0.3332,1.8288,1,0.0000,1.0000,heating
300,naive,0,13.75,22.16,4.97,24.32,0.2575,0.1794,0.3206,1.1591,1,0.0000,0.0000,off
300,naive,0,14.00,21.51,4.88,24.32,0.2575,0.1835,0.3165,0.5110,1,0.0000,0.0000,off
300,naive,0,14.25,20.88,4.77,24.32,0.2575,0.1960,0.3040,0.1167,1,0.0000,0.0000,off
300,naive,0,14.50,22.77,4.66,24.32,0.2575,4.2088,0.2912,1.7749,1,0.0000,1.0000,heating
300,naive,0,14.75,22.09,4.53,24.32,0.2575,0.2325,0.2675,1.0909,1,0.0000,0.0000,off
300,naive,0,15.00,21.43,4.40,24.32,0.2575,0.2433,0.2567,0.4275,1,0.0000,0.0000,off
300,naive,0,15.25,20.78,4.26,24.32,0.2575,0.2631,0.2369,0.2164,1,0.0000,0.0000,off
300,naive,0,15.50,22.66,4.11,24.32,0.2575,4.2831,0.2169,1.6582,1,0.0000,1.0000,heating
300,naive,0,15.75,21.96,3.95,24.32,0.2575,0.2986,0.2014,0.9565,1,0.0000,0.0000,off
300,naive,0,16.00,21.27,3.78,40.54,0.2575,0.3181,0.1819,0.2748,1,0.0000,0.0000,off
300,naive,0,16.25,20.61,3.61,40.54,0.2575,0.3413,0.1587,0.3878,1,0.0000,0.0000,off
300,naive,0,16.50,22.47,3.43,40.54,0.2575,4.3607,0.1393,1.4678,1,0.0000,1.0000,heating
300,naive,0,16.75,21.75,3.24,40.54,0.2575,0.3856,0.1144,0.7469,1,0.0000,0.0000,off
300,naive,0,17.00,21.05,3.06,40.54,0.2575,0.4067,0.0933,0.0460,1,0.0000,0.0000,off
300,naive,0,17.25,20.36,2.86,40.54,0.2575,0.4303,0.0697,0.6359,1,0.0000,0.0000,off
300,naive,0,17.50,22.20,2.67,40.54,0.2575,4.4534,0.0466,1.2006,1,0.0000,1.0000,heating
300,naive,0,17.75,21.46,2.48,40.54,0.2575,0.4763,0.0237,0.4609,1,0.0000,0.0000,off
300,naive,0,18.00,20.74,2.28,40.54,0.2575,0.5000,0.0000,0.2584,1,0.0000,0.0000,off
300,naive,0,18.25,22.54,2.08,40.54,0.2575,4.5000,0.0000,1.5419,1,0.0000,1.0000,heating
300,naive,0,18.50,21.77,1.89,40.54,0.2575,0.5000,0.0000,0.7674,1,0.0000,0.0000,off
300,naive,0,18.75,21.01,1.69,40.54,0.2575,0.5000,0.0000,0.0146,1,0.0000,0.0000,off
300,naive,0,19.00,20.28,1.50,40.54,0.2575,0.5000,0.0000,0.7171,1,0.0000,0.0000,off
300,naive,0,19.25,22.07,1.31,40.54,0.2575,4.5000,0.0000,1.0716,1,0.0000,1.0000,heating
300,naive,0,19.50,21.29,1.13,40.54,0.2575,0.5000,0.0000,0.2863,1,0.0000,0.0000,off
300,naive,0,19.75,20.52,0.95,40.54,0.2575,0.5000,0.0000,0.4762,1,0.0000,0.0000,off
300,naive,0,20.00,22.28,0.78,26.35,0.2575,4.5000,0.0000,1.2834,1,0.0000,1.0000,heating
300,naive,0,20.25,21.47,0.61,26.35,0.2575,0.5000,0.0000,0.4707,1,0.0000,0.0000,off
300,naive,0,20.50,20.68,0.45,26.35,0.2575,0.5000,0.0000,0.3175,1,0.0000,0.0000,off
300,naive,0,20.75,22.42,0.30,26.35,0.2575,4.5000,0.0000,1.4182,1,0.0000,1.0000,heating
300,naive,0,21.00,21.58,0.16,26.35,0.2575,0.5000,0.0000,0.5835,1,0.0000,0.0000,off
300,naive,0,21.25,20.77,0.02,26.35,0.2575,0.5000,0.0000,0.2250,1,0.0000,0.0000,off
300,naive,0,21.50,22.49,-0.10,26.35,0.2575,4.5000,0.0000,1.4921,1,0.0000,1.0000,heating
300,naive,0,21.75,21.64,-0.22,26.35,0.2575,0.5000,0.0000,0.6406,1,0.0000,0.0000,off
300,naive,0,22.00,20.82,-0.32,26.35,0.2575,0.5000,0.0000,0.1829,1,0.0000,0.0000,off
300,naive,0,22.25,22.52,-0.41,26.35,0.2575,4.5000,0.0000,1.5210,1,0.0000,1.0000,heating
300,naive,0,22.50,21.66,-0.49,26.35,0.2575,0.5000,0.0000,0.6580,1,0.0000,0.0000,off
300,naive,0,22.75,20.82,-0.56,26.35,0.2575,0.5000,0.0000,0.1752,1,0.0000,0.0000,off
300,naive,0,23.00,22.52,-0.62,26.35,0.2575,4.5000,0.0000,1.5206,1,0.0000,1.0000,heating
300,naive,0,23.25,21.65,-0.66,26.35,0.2575,0.5000,0.0000,0.6512,1,0.0000,0.0000,off
300,naive,0,23.50,20.81,-0.70,26.35,0.2575,0.5000,0.0000,0.1868,1,0.0000,0.0000,off
300,naive,0,23.75,22.51,-0.71,26.35,0.2575,4.5000,0.0000,1.5060,1,0.0000,1.0000,heating
300,sac,0,0.00,20.86,-0.72,18.24,0.2734,4.8331,0.0000,0.1376,1,0.2201,0.9182,heating
300,sac,0,0.25,21.00,-0.71,18.24,0.2896,2.6792,0.0000,0.0030,1,0.2231,0.3775,heating
300,sac,0,0.50,21.00,-0.70,18.24,0.3046,2.4304,0.0000,0.0004,1,0.2082,0.3265,heating
300,sac,0,0.75,21.00,-0.66,18.24,0.3185,2.3762,0.0000,0.0003,1,0.1921,0.3250,heating
300,sac,0,1.00,21.00,-0.62,18.24,0.3314,2.3294,0.0000,0.0003,1,0.1774,0.3243,heating
300,sac,0,1.25,21.00,-0.56,18.24,0.3432,2.2864,0.0000,0.0004,1,0.1643,0.3234,heating
300,sac,0,1.50,21.00,-0.49,18.24,0.3543,2.2469,0.0000,0.0004,1,0.1525,0.3224,heating
300,sac,0,1.75,21.00,-0.41,18.24,0.3645,2.2107,0.0000,0.0005,1,0.1420,0.3212,heating
300,sac,0,2.00,21.00,-0.32,18.24,0.3742,2.1777,0.0000,0.0005,1,0.1329,0.3198,heating
300,sac,0,2.25,21.00,-0.22,18.24,0.3832,2.1476,0.0000,0.0005,1,0.1249,0.3182,heating
300,sac,0,2.50,21.00,-0.10,18.24,0.3917,2.1203,0.0000,0.0006,1,0.1181,0.3165,heating
300,sac,0,2.75,21.00,0.02,18.24,0.3999,2.0955,0.0000,0.0006,1,0.1123,0.3146,heating
300,sac,0,3.00,21.00,0.16,18.24,0.4076,2.0732,0.0000,0.0006,1,0.1076,0.3126,heating
300,sac,0,3.25,21.00,0.30,18.24,0.4151,2.0531,0.0000,0.0006,1,0.1037,0.3105,heating
300,sac,0,3.50,21.00,0.45,18.24,0.4224,2.0351,0.0000,0.0006,1,0.1008,0.3082,heating
300,sac,0,3.75,21.00,0.61,18.24,0.4296,2.0190,0.0000,0.0007,1,0.0986,0.3058,heating
300,sac,0,4.00,21.00,0.78,18.24,0.4366,2.0046,0.0000,0.0007,1,0.0971,0.3033,heating
300,sac,0,4.25,21.00,0.95,18.24,0.4436,1.9918,0.0000,0.0007,1,0.0963,0.3007,heating
300,sac,0,4.50,21.00,1.13,18.24,0.4505,1.9804,0.0000,0.0008,1,0.0961,0.2980,heating
300,sac,0,4.75,21.00,1.31,18.24,0.4575,1.9703,0.0000,0.0008,1,0.0964,0.2953,heating
300,sac,0,5.00,21.00,1.50,24.32,0.4645,1.9614,0.0000,0.0008,1,0.0972,0.2924,heating
300,sac,0,5.25,21.00,1.69,24.32,0.4587,1.4360,0.0000,0.0005,1,-0.0770,0.2897,heating
300,sac,0,5.50,21.00,1.89,24.32,0.4539,1.4612,0.0000,0.0005,1,-0.0641,0.2867,heating
300,sac,0,5.75,21.00,2.08,24.32,0.4501,1.4856,0.0000,0.0006,1,-0.0516,0.2837,heating
300,sac,0,6.00,21.00,2.28,24.32,0.4471,1.5086,0.0000,0.0007,1,-0.0396,0.2808,heating
300,sac,0,6.25,21.00,2.48,24.32,0.4450,1.5067,0.0236,0.0008,1,-0.0280,0.2778,heating
300,sac,0,6.50,21.00,2.67,24.32,0.4438,1.5070,0.0465,0.0009,1,-0.0159,0.2749,heating
300,sac,0,6.75,21.00,2.86,24.32,0.4435,1.5052,0.0699,0.0010,1,-0.0044,0.2720,heating
300,sac,0,7.00,21.00,3.06,24.32,0.4439,1.5042,0.0918,0.0012,1,0.0066,0.2691,heating
300,sac,0,7.25,21.00,3.24,24.32,0.4452,1.5018,0.1140,0.0013,1,0.0169,0.2663,heating
300,sac,0,7.50,21.00,3.43,24.32,0.4471,1.4962,0.1381,0.0014,1,0.0267,0.2635,heating
300,sac,0,7.75,21.00,3.61,24.32,0.4497,1.4886,0.1629,0.0016,1,0.0361,0.2608,heating
300,sac,0,8.00,21.00,3.78,24.32,0.4530,1.4899,0.1777,0.0017,1,0.0449,0.2582,heating
300,sac,0,8.25,21.00,3.95,24.32,0.4568,1.4840,0.1970,0.0018,1,0.0527,0.2557,heating
300,sac,0,8.50,21.00,4.11,24.32,0.4611,1.4730,0.2208,0.0019,1,0.0601,0.2533,heating
300,sac,0,8.75,21.00,4.26,24.32,0.4660,1.4670,0.2389,0.0020,1,0.0672,0.2511,heating
300,sac,0,9.00,21.00,4.40,24.32,0.4713,1.4590,0.2578,0.0021,1,0.0737,0.2489,heating
300,sac,0,9.25,21.00,4.53,24.32,0.4771,1.4589,0.2679,0.0021,1,0.0797,0.2469,heating
300,sac,0,9.50,21.00,4.66,24.32,0.4832,1.4463,0.2882,0.0021,1,0.0847,0.2451,heating
300,sac,0,9.75,21.00,4.77,24.32,0.4897,1.4475,0.2947,0.0022,1,0.0896,0.2434,heating
300,sac,0,10.00,21.00,4.88,24.32,0.4964,1.4390,0.3080,0.0021,1,0.0933,0.2418,heating
300,sac,0,10.25,21.00,4.97,24.32,0.5034,1.4286,0.3229,0.0021,1,0.0966,0.2404,heating
300,sac,0,10.50,21.00,5.05,24.32,0.5106,1.4228,0.3323,0.0021,1,0.0994,0.2392,heating
300,sac,0,10.75,21.00,5.12,24.32,0.5179,1.4189,0.3380,0.0020,1,0.1014,0.2382,heating
300,sac,0,11.00,21.00,5.18,24.32,0.5254,1.4124,0.3449,0.0020,1,0.1026,0.2373,heating
300,sac,0,11.25,21.00,5.22,24.32,0.5328,1.4036,0.3532,0.0019,1,0.1034,0.2367,heating
300,sac,0,11.50,21.00,5.25,24.32,0.5403,1.3995,0.3560,0.0018,1,0.1036,0.2362,heating
300,sac,0,11.75,21.00,5.27,24.32,0.5478,1.3984,0.3543,0.0017,1,0.1030,0.2359,heating
300,sac,0,12.00,21.00,5.28,24.32,0.5551,1.3927,0.3557,0.0015,1,0.1017,0.2358,heating
300,sac,0,12.25,21.00,5.27,24.32,0.5623,1.3869,0.3568,0.0014,1,0.1000,0.2359,heating
300,sac,0,12.50,21.00,5.25,24.32,0.5694,1.3809,0.3574,0.0012,1,0.0978,0.2362,heating
300,sac,0,12.75,21.00,5.22,24.32,0.5763,1.3787,0.3533,0.0011,1,0.0950,0.2367,heating
300,sac,0,13.00,21.00,5.18,24.32,0.5829,1.3810,0.3435,0.0009,1,0.0916,0.2374,heating
300,sac,0,13.25,21.00,5.12,24.32,0.5892,1.3733,0.3424,0.0007,1,0.0875,0.2383,heating
300,sac,0,13.50,21.00,5.05,24.32,0.5953,1.3742,0.3332,0.0005,1,0.0834,0.2393,heating
300,sac,0,13.75,21.00,4.97,24.32,0.6010,1.3770,0.3206,0.0002,1,0.0785,0.2405,heating
300,sac,0,14.00,21.00,4.88,24.32,0.6062,1.3704,0.3165,0.0000,1,0.0731,0.2419,heating
300,sac,0,14.25,21.00,4.77,24.32,0.6111,1.3729,0.3040,0.0002,1,0.0676,0.2435,heating
300,sac,0,14.50,21.00,4.66,24.32,0.6156,1.3743,0.2912,0.0004,1,0.0615,0.2452,heating
300,sac,0,14.75,21.00,4.53,24.32,0.6196,1.3862,0.2675,0.0007,1,0.0551,0.2471,heating
300,sac,0,15.00,21.00,4.40,24.32,0.6230,1.3837,0.2567,0.0009,1,0.0480,0.2491,heating
300,sac,0,15.25,21.00,4.26,24.32,0.6260,1.3918,0.2369,0.0011,1,0.0412,0.2512,heating
300,sac,0,15.50,21.00,4.11,24.32,0.6285,1.3987,0.2169,0.0014,1,0.0338,0.2535,heating
300,sac,0,15.75,21.00,3.95,24.32,0.6304,1.4011,0.2014,0.0016,1,0.0263,0.2559,heating
300,sac,0,16.00,21.00,3.78,40.54,0.6317,1.4081,0.1819,0.0018,1,0.0188,0.2584,heating
300,sac,0,16.25,21.00,3.61,40.54,0.6042,0.3244,0.1587,0.0029,1,-0.3672,0.2614,heating
300,sac,0,16.50,21.00,3.43,40.54,0.5775,0.3868,0.1393,0.0032,1,-0.3556,0.2637,heating
300,sac,0,16.75,21.00,3.24,40.54,0.5517,0.4543,0.1144,0.0033,1,-0.3447,0.2665,heating
300,sac,0,17.00,21.00,3.06,40.54,0.5265,0.5148,0.0933,0.0035,1,-0.3349,0.2693,heating
300,sac,0,17.25,21.00,2.86,40.54,0.5021,0.5765,0.0697,0.0037,1,-0.3257,0.2721,heating
300,sac,0,17.50,21.00,2.67,40.54,0.4783,0.6353,0.0466,0.0038,1,-0.3174,0.2751,heating
300,sac,0,17.75,21.00,2.48,40.54,0.4551,0.6922,0.0237,0.0039,1,-0.3097,0.2780,heating
300,sac,0,18.00,21.00,2.28,40.54,0.4324,0.7485,0.0000,0.0040,1,-0.3025,0.2809,heating
300,sac,0,18.25,21.00,2.08,40.54,0.4102,0.7794,0.0000,0.0041,1,-0.2959,0.2838,heating
300,sac,0,18.50,21.00,1.89,40.54,0.3886,0.8127,0.0000,0.0041,1,-0.2884,0.2868,heating
300,sac,0,18.75,21.00,1.69,40.54,0.3675,0.8447,0.0000,0.0041,1,-0.2813,0.2897,heating
300,sac,0,19.00,21.00,1.50,40.54,0.3469,0.8755,0.0000,0.0041,1,-0.2746,0.2925,heating
300,sac,0,19.25,21.00,1.31,40.54,0.3268,0.9052,0.0000,0.0041,1,-0.2683,0.2953,heating
300,sac,0,19.50,21.00,1.13,40.54,0.3071,0.9340,0.0000,0.0040,1,-0.2621,0.2981,heating
300,sac,0,19.75,21.00,0.95,40.54,0.2879,0.9620,0.0000,0.0039,1,-0.2561,0.3007,heating
300,sac,0,20.00,21.00,0.78,26.35,0.2691,0.9892,0.0000,0.0038,1,-0.2503,0.3033,heating
300,sac,0,20.25,21.00,0.61,26.35,0.2782,2.0995,0.0000,0.0028,1,0.1259,0.3055,heating
300,sac,0,20.50,21.00,0.45,26.35,0.2860,2.0567,0.0000,0.0027,1,0.1080,0.3082,heating
300,sac,0,20.75,21.00,0.30,26.35,0.2926,2.0158,0.0000,0.0026,1,0.0913,0.3105,heating
300,sac,0,21.00,21.00,0.16,26.35,0.2981,1.9776,0.0000,0.0024,1,0.0757,0.3126,heating
300,sac,0,21.25,21.00,0.02,26.35,0.3025,1.9424,0.0000,0.0023,1,0.0613,0.3146,heating
300,sac,0,21.50,21.00,-0.10,26.35,0.3060,1.9099,0.0000,0.0021,1,0.0480,0.3165,heating
300,sac,0,21.75,21.00,-0.22,26.35,0.3086,1.8801,0.0000,0.0020,1,0.0358,0.3182,heating
300,sac,0,22.00,21.00,-0.32,26.35,0.3104,1.8529,0.0000,0.0018,1,0.0246,0.3198,heating
300,sac,0,22.25,21.00,-0.41,26.35,0.3114,1.8281,0.0000,0.0017,1,0.0145,0.3211,heating
300,sac,0,22.50,21.00,-0.49,26.35,0.3118,1.8057,0.0000,0.0015,1,0.0054,0.3223,heating
300,sac,0,22.75,21.00,-0.56,26.35,0.3116,1.7858,0.0000,0.0013,1,-0.0027,0.3234,heating
300,sac,0,23.00,21.00,-0.62,26.35,0.3109,1.7686,0.0000,0.0012,1,-0.0098,0.3242,heating
300,sac,0,23.25,21.00,-0.66,26.35,0.3097,1.7534,0.0000,0.0010,1,-0.0160,0.3249,heating
300,sac,0,23.50,21.00,-0.70,26.35,0.3081,1.7401,0.0000,0.0009,1,-0.0212,0.3254,heating
300,sac,0,23.75,21.00,-0.71,26.35,0.3062,1.7286,0.0000,0.0008,1,-0.0256,0.3257,heating
300,rule,0,0.00,21.07,-0.72,18.24,0.3082,6.6000,0.0000,0.0669,1,0.7000,1.0000,heating
300,rule,0,0.25,19.65,-0.71,18.24,0.3588,3.8000,0.0000,1.3499,1,0.7000,-0.3000,cooling
300,rule,0,0.50,21.39,-0.70,18.24,0.4094,6.6000,0.0000,0.3872,1,0.7000,1.0000,heating
300,rule,0,0.75,19.96,-0.66,18.24,0.4600,3.8000,0.0000,1.0397,1,0.7000,-0.3000,cooling
300,rule,0,1.00,21.69,-0.62,18.24,0.5107,6.6000,0.0000,0.6886,1,0.7000,1.0000,heating
300,rule,0,1.25,18.85,-0.56,18.24,0.5613,6.6000,0.0000,2.1458,1,0.7000,-1.0000,cooling
300,rule,0,1.50,20.63,-0.49,18.24,0.6119,6.6000,0.0000,0.3713,1,0.7000,1.0000,heating
300,rule,0,1.75,20.59,-0.41,18.24,0.6626,3.8000,0.0000,0.4103,1,0.7000,0.3000,heating
300,rule,0,2.00,20.56,-0.32,18.24,0.7132,3.8000,0.0000,0.4444,1,0.7000,0.3000,heating
300,rule,0,2.25,20.53,-0.22,18.24,0.7638,3.8000,0.0000,0.4733,1,0.7000,0.3000,heating
300,rule,0,2.50,20.50,-0.10,18.24,0.8144,3.8000,0.0000,0.4969,1,0.7000,0.3000,heating
300,rule,0,2.75,20.49,0.02,18.24,0.8144,1.7000,0.0000,0.5149,1,0.0000,0.3000,heating
300,rule,0,3.00,22.22,0.16,18.24,0.8144,4.5000,0.0000,1.2229,1,0.0000,1.0000,heating
300,rule,0,3.25,19.40,0.30,18.24,0.8144,4.5000,0.0000,1.5992,1,0.0000,-1.0000,cooling
300,rule,0,3.50,21.19,0.45,18.24,0.8144,4.5000,0.0000,0.1902,1,0.0000,1.0000,heating
300,rule,0,3.75,19.82,0.61,18.24,0.8144,1.7000,0.0000,1.1814,1,0.0000,-0.3000,cooling
300,rule,0,4.00,21.60,0.78,18.24,0.8144,4.5000,0.0000,0.6046,1,0.0000,1.0000,heating
300,rule,0,4.25,18.83,0.95,18.24,0.8144,4.5000,0.0000,2.1699,1,0.0000,-1.0000,cooling
300,rule,0,4.50,20.67,1.13,18.24,0.8144,4.5000,0.0000,0.3336,1,0.0000,1.0000,heating
300,rule,0,4.75,20.69,1.31,18.24,0.8144,1.7000,0.0000,0.3093,1,0.0000,0.3000,heating
300,rule,0,5.00,20.72,1.50,24.32,0.8144,1.7000,0.0000,0.2788,1,0.0000,0.3000,heating
300,rule,0,5.25,20.76,1.69,24.32,0.8144,1.7000,0.0000,0.2424,1,0.0000,0.3000,heating
300,rule,0,5.50,20.80,1.89,24.32,0.8144,1.7000,0.0000,0.2000,1,0.0000,0.3000,heating
300,rule,0,5.75,20.85,2.08,24.32,0.8144,1.7000,0.0000,0.1519,1,0.0000,0.3000,heating
300,rule,0,6.00,20.90,2.28,24.32,0.8144,1.7000,0.0000,0.0982,1,0.0000,0.3000,heating
300,rule,0,6.25,20.96,2.48,24.32,0.8144,1.6764,0.0236,0.0392,1,0.0000,0.3000,heating
300,rule,0,6.50,21.02,2.67,24.32,0.8144,1.6535,0.0465,0.0249,1,0.0000,0.3000,heating
300,rule,0,6.75,19.74,2.86,24.32,0.8144,1.6301,0.0699,1.2561,1,0.0000,-0.3000,cooling
300,rule,0,7.00,21.62,3.06,24.32,0.8144,4.4082,0.0918,0.6181,1,0.0000,1.0000,heating
300,rule,0,7.25,18.93,3.24,24.32,0.8144,4.3860,0.1140,2.0710,1,0.0000,-1.0000,cooling
300,rule,0,7.50,20.85,3.43,24.32,0.8144,4.3619,0.1381,0.1523,1,0.0000,1.0000,heating
300,rule,0,7.75,20.95,3.61,24.32,0.8144,1.5371,0.1629,0.0489,1,0.0000,0.3000,heating
300,rule,0,8.00,21.06,3.78,24.32,0.8144,1.5223,0.1777,0.0572,1,0.0000,0.3000,heating
300,rule,0,8.25,19.82,3.95,24.32,0.8144,1.5030,0.1970,1.1845,1,0.0000,-0.3000,cooling
300,rule,0,8.50,21.73,4.11,24.32,0.8144,4.2792,0.2208,0.7264,1,0.0000,1.0000,heating
300,rule,0,8.75,19.07,4.26,24.32,0.8144,4.2611,0.2389,1.9287,1,0.0000,-1.0000,cooling
300,rule,0,9.00,21.02,4.40,24.32,0.8144,4.2422,0.2578,0.0211,1,0.0000,1.0000,heating
300,rule,0,9.25,19.80,4.53,24.32,0.8144,1.4321,0.2679,1.1971,1,0.0000,-0.3000,cooling
300,rule,0,9.50,21.73,4.66,24.32,0.8144,4.2118,0.2882,0.7350,1,0.0000,1.0000,heating
300,rule,0,9.75,19.10,4.77,24.32,0.8144,4.2053,0.2947,1.9011,1,0.0000,-1.0000,cooling
300,rule,0,10.00,21.07,4.88,24.32,0.8144,4.1920,0.3080,0.0656,1,0.0000,1.0000,heating
300,rule,0,10.25,19.86,4.97,24.32,0.8506,2.8771,0.3229,1.1380,1,0.5000,-0.3000,cooling
300,rule,0,10.50,21.81,5.05,24.32,0.8868,5.6677,0.3323,0.8066,1,0.5000,1.0000,heating
300,rule,0,10.75,19.18,5.12,24.32,0.9229,5.6620,0.3380,1.8192,1,0.5000,-1.0000,cooling
300,rule,0,11.00,21.16,5.18,24.32,0.9229,4.1551,0.3449,0.1557,1,0.0000,1.0000,heating
300,rule,0,11.25,19.96,5.22,24.32,0.9229,1.3468,0.3532,1.0419,1,0.0000,-0.3000,cooling
300,rule,0,11.50,21.91,5.25,24.32,0.9229,4.1440,0.3560,0.9067,1,0.0000,1.0000,heating
300,rule,0,11.75,19.28,5.27,24.32,0.9229,4.1457,0.3543,1.7171,1,0.0000,-1.0000,cooling
300,rule,0,12.00,21.26,5.28,24.32,0.9229,4.1443,0.3557,0.2578,1,0.0000,1.0000,heating
300,rule,0,12.25,20.06,5.27,24.32,0.9229,1.3432,0.3568,0.9417,1,0.0000,-0.3000,cooling
300,rule,0,12.50,22.00,5.25,24.32,0.9229,4.1426,0.3574,1.0032,1,0.0000,1.0000,heating
300,rule,0,12.75,19.37,5.22,24.32,0.9229,4.1467,0.3533,1.6262,1,0.0000,-1.0000,cooling
300,rule,0,13.00,21.34,5.18,24.32,0.9229,4.1565,0.3435,0.3415,1,0.0000,1.0000,heating
300,rule,0,13.25,20.13,5.12,24.32,0.9229,1.3576,0.3424,0.8669,1,0.0000,-0.3000,cooling
300,rule,0,13.50,22.07,5.05,24.32,0.9229,4.1668,0.3332,1.0676,1,0.0000,1.0000,heating
300,rule,0,13.75,19.43,4.97,24.32,0.9229,4.1794,0.3206,1.5736,1,0.0000,-1.0000,cooling
300,rule,0,14.00,21.38,4.88,24.32,0.9229,4.1835,0.3165,0.3808,1,0.0000,1.0000,heating
300,rule,0,14.25,20.16,4.77,24.32,0.9229,1.3960,0.3040,0.8420,1,0.0000,-0.3000,cooling
300,rule,0,14.50,22.08,4.66,24.32,0.9229,4.2088,0.2912,1.0768,1,0.0000,1.0000,heating
300,rule,0,14.75,19.42,4.53,24.32,0.9229,4.2325,0.2675,1.5810,1,0.0000,-1.0000,cooling
300,rule,0,15.00,21.36,4.40,24.32,0.9229,4.2433,0.2567,0.3558,1,0.0000,1.0000,heating
300,rule,0,15.25,20.11,4.26,24.32,0.9229,1.4631,0.2369,0.8854,1,0.0000,-0.3000,cooling
300,rule,0,15.50,22.01,4.11,24.32,0.9229,4.2831,0.2169,1.0142,1,0.0000,1.0000,heating
300,rule,0,15.75,19.34,3.95,24.32,0.9229,4.2986,0.2014,1.6633,1,0.0000,-1.0000,cooling
300,rule,0,16.00,21.25,3.78,40.54,0.9229,4.3181,0.1819,0.2532,1,0.0000,1.0000,heating
300,rule,0,16.25,19.99,3.61,40.54,0.8629,0.0000,0.1587,1.0085,1,-0.8000,-0.3000,cooling
300,rule,0,16.50,21.87,3.43,40.54,0.8029,2.0462,0.1393,0.8703,1,-0.8000,1.0000,heating
300,rule,0,16.75,19.17,3.24,40.54,0.7429,2.0711,0.1144,1.8282,1,-0.8000,-1.0000,cooling
300,rule,0,17.00,21.07,3.06,40.54,0.6829,2.0922,0.0933,0.0674,1,-0.8000,1.0000,heating
300,rule,0,17.25,19.78,2.86,40.54,0.6229,0.0000,0.0697,1.2152,1,-0.8000,-0.3000,cooling
300,rule,0,17.50,21.64,2.67,40.54,0.5629,2.1389,0.0466,0.6430,1,-0.8000,1.0000,heating
300,rule,0,17.75,18.92,2.48,40.54,0.5029,2.1618,0.0237,2.0758,1,-0.8000,-1.0000,cooling
300,rule,0,18.00,20.80,2.28,40.54,0.4429,2.1855,0.0000,0.1999,1,-0.8000,1.0000,heating
300,rule,0,18.25,20.85,2.08,40.54,0.3829,0.0000,0.0000,0.1518,1,-0.8000,0.3000,heating
300,rule,0,18.50,20.89,1.89,40.54,0.3229,0.0000,0.0000,0.1129,1,-0.8000,0.3000,heating
300,rule,0,18.75,20.92,1.69,40.54,0.2629,0.0000,0.0000,0.0826,1,-0.8000,0.3000,heating
300,rule,0,19.00,20.94,1.50,40.54,0.2629,1.7000,0.0000,0.0607,1,0.0000,0.3000,heating
300,rule,0,19.25,20.95,1.31,40.54,0.2629,1.7000,0.0000,0.0466,1,0.0000,0.3000,heating
300,rule,0,19.50,20.96,1.13,40.54,0.2629,1.7000,0.0000,0.0399,1,0.0000,0.3000,heating
300,rule,0,19.75,20.96,0.95,40.54,0.2629,1.7000,0.0000,0.0402,1,0.0000,0.3000,heating
300,rule,0,20.00,20.95,0.78,26.35,0.2629,1.7000,0.0000,0.0470,1,0.0000,0.3000,heating
300,rule,0,20.25,20.94,0.61,26.35,0.2629,1.7000,0.0000,0.0598,1,0.0000,0.3000,heating
300,rule,0,20.50,20.92,0.45,26.35,0.2629,1.7000,0.0000,0.0781,1,0.0000,0.3000,heating
300,rule,0,20.75,20.90,0.30,26.35,0.2629,1.7000,0.0000,0.1013,1,0.0000,0.3000,heating
300,rule,0,21.00,20.87,0.16,26.35,0.2629,1.7000,0.0000,0.1291,1,0.0000,0.3000,heating
300,rule,0,21.25,20.84,0.02,26.35,0.2629,1.7000,0.0000,0.1609,1,0.0000,0.3000,heating
300,rule,0,21.50,20.80,-0.10,26.35,0.2629,1.7000,0.0000,0.1962,1,0.0000,0.3000,heating
300,rule,0,21.75,20.77,-0.22,26.35,0.2629,1.7000,0.0000,0.2344,1,0.0000,0.3000,heating
300,rule,0,22.00,20.72,-0.32,26.35,0.2629,1.7000,0.0000,0.2751,1,0.0000,0.3000,heating
300,rule,0,22.25,20.68,-0.41,26.35,0.2629,1.7000,0.0000,0.3177,1,0.0000,0.3000,heating
300,rule,0,22.50,20.64,-0.49,26.35,0.2629,1.7000,0.0000,0.3617,1,0.0000,0.3000,heating
300,rule,0,22.75,20.59,-0.56,26.35,0.2629,1.7000,0.0000,0.4067,1,0.0000,0.3000,heating
300,rule,0,23.00,20.55,-0.62,26.35,0.2629,1.7000,0.0000,0.4522,1,0.0000,0.3000,heating
300,rule,0,23.25,20.50,-0.66,26.35,0.2629,1.7000,0.0000,0.4976,1,0.0000,0.3000,heating
300,rule,0,23.50,20.46,-0.70,26.35,0.2629,1.7000,0.0000,0.5425,1,0.0000,0.3000,heating
300,rule,0,23.75,22.16,-0.71,26.35,0.2629,4.5000,0.0000,1.1635,1,0.0000,1.0000,heating
