seed,season,sac_cost,rule_cost,cost_diff,sac_comfort,rule_comfort,comfort_diff,sac_violations,rule_violations,sac_max_dev,rule_max_dev
42,0,956.8736141590477,1595.654509987766,-638.7808958287183,0.016717495145215366,11.86799081290598,-11.851273317760764,0,27,0.0034098092177359263,2.372844863746625
43,2,376.5932611390314,1530.3665609800764,-1153.773299841045,0.013288216830169211,9.856830143721506,-9.843541926891337,0,22,0.05294175934043466,2.214399322655865
44,2,338.9334049476106,1660.2910971965057,-1321.357692248895,0.011552240836522981,13.546933175928203,-13.53538093509168,0,38,0.06467989343856217,1.915931763232546
45,3,590.453788209227,2306.6800562078056,-1716.2262679985786,0.008617430522538383,18.28094266936263,-18.272325238840093,0,51,0.0048777331662250845,2.101620625316933
46,2,35.68930046015469,1741.091434463748,-1705.4021340035933,0.01846638079190573,16.460510293715156,-16.44204391292325,0,44,0.011280744282366584,1.9434093518271318
47,0,749.0715314390345,1881.2063372297725,-1132.134805790738,0.019140901556173134,15.107202354522393,-15.088061452966219,0,38,0.01755346351469811,2.2059531754804738
48,0,744.5214483061692,1096.69376442775,-352.1723161215808,0.013945762816549996,8.952806272671587,-8.938860509855038,0,15,0.04769888965969926,2.5377100721957504
49,0,749.3306753022789,1014.6571062658459,-265.32643096356696,0.00716566695033564,10.132502537281821,-10.125336870331486,0,13,0.13803585541858965,4.118263817183404
50,3,500.35576863148486,2259.1781800363865,-1758.8224114049017,0.01460424596508155,19.920763701315533,-19.90615945535045,0,57,0.004253340730464572,1.8822599676898157
51,1,541.1772503267362,2040.6057418831065,-1499.4284915563703,0.016644924512962216,17.003882668368448,-16.987237743855484,0,46,0.012361673210193658,2.0682398416367462
52,3,649.5116254326093,1733.2909634400653,-1083.7793380074559,0.006592785213144253,12.462016923739734,-12.45542413852659,0,31,0.045325079909542154,2.2670975212787816
53,3,388.952892455491,2268.5440894860844,-1879.5911970305933,0.054640959042395,17.898210118124627,-17.843569159082232,0,46,0.01586800441910441,2.036512159590437
54,1,1190.88642967507,2160.4800895749527,-969.5936598998826,0.012029547941514326,12.453793686245847,-12.441764138304332,0,31,0.09383681860216697,2.2354496029862396
55,3,496.5852867839884,1110.75840658456,-614.1731198005715,0.009796451666975294,8.602259023656325,-8.59246257198935,0,17,0.05315277514935346,2.384035480718744
56,1,1003.9516518173289,2231.8182660868015,-1227.8666142694726,0.013279752112823751,9.094690648093104,-9.08141089598028,0,18,0.045964749472016564,2.416411478164477
57,0,972.1478221424744,1457.6842957433914,-485.536473600917,0.05052845508362935,9.249849891743908,-9.199321436660279,0,23,0.3277092181720427,2.116845541671033
58,2,224.3085657531094,1342.1348465639958,-1117.8262808108864,1.059217419533258,12.753001305264684,-11.693783885731426,2,25,4.410046107917115,4.409172184615418
59,3,595.799743905773,1233.0669550513298,-637.2672111455569,0.008909661573085913,7.449166277745931,-7.440256616172845,0,12,0.05420649539438571,2.3776688629615457
60,0,574.0526269636041,663.0995000120033,-89.04687304839922,0.014355225821697749,8.763179241092347,-8.74882401527065,0,10,0.1018484474079564,4.38775954090303
61,1,398.44016570240433,869.8043057453948,-471.36414004299047,0.01626661756746797,6.162720810710497,-6.146454193143029,0,8,0.8525157957048961,2.543039680895383
62,1,126.21118280054536,1555.217516157133,-1429.0063333565877,0.023755718606774945,18.16540450471038,-18.141648786103605,0,50,0.005871756902937619,1.9263545165485034
63,1,428.9545680587409,1820.9017839329238,-1391.9472158741828,0.016805771543852727,12.025181273431945,-12.008375501888093,0,32,0.046073456662732326,1.8692203180443911
64,2,7.461732896582785,1337.3333641269144,-1329.8716312303316,0.02228102161679642,13.569060803740792,-13.546779782123995,0,34,0.008152951864285995,2.089004168378356
65,0,537.6524267194002,643.2108588701566,-105.5584321507564,0.013685826482084454,9.420189668588948,-9.406503842106863,0,16,0.04299528974061673,3.211715465573768
66,3,548.3839637289639,1743.626765074601,-1195.2428013456372,0.04919106459076472,13.202144464443966,-13.152953399853201,0,33,0.4174809517662368,2.1701651718254986
67,3,464.3594513162592,751.4085101542714,-287.04905883801223,0.00998526227124412,6.627005257075318,-6.617019994804074,0,10,0.03495539086178567,2.467595117624107
68,1,142.14610764647423,1206.2597096613808,-1064.1136020149065,0.018545537338599077,13.363152237915559,-13.344606700576959,0,36,0.05104050179156516,2.051885126150758
69,0,916.7222043166583,1162.8651739696065,-246.14296965294818,0.013554731698618193,8.626194073175332,-8.612639341476715,0,14,0.04412733464803864,3.135137131125589
70,2,90.83916990536059,1806.2442112417712,-1715.4050413364105,0.3390277760524814,11.033008433850698,-10.693980657798217,1,24,1.3268260989361949,2.3579344750895253
71,3,618.6902430202299,1424.8744718768703,-806.1842288566404,0.0038855441619219263,12.519666796662522,-12.5157812525006,0,30,0.03637819998648695,2.2704044322017545
72,3,900.7528654914852,1364.0006403547895,-463.24777486330436,0.012603433065401544,8.125446242786682,-8.11284280972128,0,16,0.029267272759334162,2.4441152693836443
73,3,810.2062860047762,1468.9711914787008,-658.7649054739246,0.11095939428236258,10.137609082804227,-10.026649688521864,0,22,0.9916884181156007,2.418461202706496
74,0,617.7434006486274,1596.7169757961192,-978.9735751474918,0.05032371834826336,13.293149139549199,-13.242825421200935,0,34,0.010936715024044474,2.265484561321923
75,2,-44.086613175995545,335.45075463762987,-379.5373678136254,0.006241724239945898,7.326703696991988,-7.320461972752042,0,13,0.06856076049744786,2.3646033177221675
76,2,751.2718881177437,934.7622628378025,-183.49037472005875,0.213358581429104,8.353101364970524,-8.13974278354142,0,14,4.8779854914880225,5.876642479631943
77,0,984.9630439621269,1388.6910228215816,-403.72797885945465,0.011737901938836186,9.30237873004581,-9.290640828106973,0,17,0.04560316478957205,2.937404200239559
78,2,478.49678031897804,1427.8856173181562,-949.3888369991781,1.0967311061467098,13.224741330820336,-12.128010224673627,2,25,4.824394237737451,4.823851477842126
79,0,1261.0949573872192,1892.755148881952,-631.6601914947328,0.3201006458748485,14.35383909839267,-14.033738452517822,1,23,1.1623474395136917,4.206796638294769
80,3,672.5488189921768,1490.0865719369945,-817.5377529448176,0.01337819631958966,12.32403132660455,-12.31065313028496,0,32,0.0027162549555619364,2.0970913016184163
81,0,960.2673824195276,1260.3155032304837,-300.0481208109561,0.014628238555336787,11.0510026341914,-11.036374395636063,0,18,0.014887171938433141,4.141504954114886
82,2,159.93189726444604,1045.0926287317366,-885.1607314672906,0.8275006060432477,13.42158670590056,-12.594086099857313,2,27,3.9096112887106145,3.9082589785299504
83,2,361.98577648763245,1528.137533768369,-1166.1517572807365,0.020486688408997516,12.790681879879898,-12.7701951914709,0,36,0.05831497253289797,1.8908313300828183
84,2,633.4716999507817,1593.2697514274655,-959.7980514766838,1.0942797662747215,12.487770671338914,-11.393490905064192,2,23,4.8132043284316275,4.812652747048876
85,2,-30.265658294560826,1585.924955428091,-1616.1906137226517,0.01863576034025945,14.672864854830634,-14.654229094490374,0,36,0.007783503606017206,2.0564177993489245
86,3,763.301333370118,1125.273650502819,-361.97231713270105,0.009647623986012694,7.262111419131785,-7.252463795145773,0,14,0.02889121390730054,2.4266491122793177
87,2,176.29073414197595,904.9701360900098,-728.6794019480338,0.5829873916287948,12.311989419387608,-11.729002027758813,1,28,2.4916816308106355,2.483286197384732
88,2,88.47015674112609,1025.3920219470679,-936.9218652059418,0.11812312534794117,10.908033157054597,-10.789910031706656,0,24,0.9442999266969387,2.360612419879839
89,3,533.873423734632,2168.5403431579134,-1634.6669194232813,0.012683110807671557,18.091968865508274,-18.079285754700603,0,49,0.0041888838510679705,2.018172930142491
90,2,151.4146168711045,1357.718607986562,-1206.3039911154574,0.0847038950803621,13.957836897737153,-13.87313300265679,0,31,0.5781573806723515,2.39283439861234
91,2,224.4360485499076,1552.2600988742265,-1327.824050324319,1.1032806223448184,16.430037401637524,-15.326756779292705,2,36,4.820732062732983,4.820188229954052
92,1,775.6626420700994,1116.631972243522,-340.96933017342246,0.010352795824523767,8.05170259144281,-8.041349795618286,0,16,0.018476957265569638,2.3853406488577242
93,3,496.70645952880346,1329.8843388228765,-833.1778792940731,0.02028104350833317,13.220240847839404,-13.19995980433107,0,33,0.14272922532295595,2.3044588421805265
94,0,904.9723270014908,2394.104250296126,-1489.131923294635,0.017743912165316678,15.901053757574118,-15.883309845408801,0,41,0.0038063896902968963,2.156268893833122
95,1,384.8191676348219,1829.121735549169,-1444.302567914347,0.023243876055540163,14.06371520630814,-14.0404713302526,0,37,0.0061471312658625266,1.9326620549543065
96,3,906.2879969246867,1361.9275722667537,-455.639575342067,0.014584814654333826,9.248259120103404,-9.23367430544907,0,16,0.1181837632724303,2.4474073908662675
97,0,1024.1414158699245,1315.8748024449292,-291.7333865750047,0.015130668203799083,9.668964406353199,-9.6538337381494,0,17,0.03133836203711127,4.012075022532482
98,1,289.27536013699694,1129.5088292602618,-840.2334691232649,0.013842571538452678,13.696142752809573,-13.68230018127112,0,35,0.03710810691878308,2.1102645008380705
99,3,396.76588384381154,2132.179870322617,-1735.4139864788053,0.011358186452059549,18.198018220705013,-18.186660034252952,0,49,0.004875563629127555,2.0123849902811095
100,3,493.8196163571925,1037.5730209346095,-543.7534045774171,0.0052181717653942685,9.654387603166848,-9.649169431401454,0,18,0.046272425202086964,2.4640241407986636
101,1,411.99551137662695,1229.0398995599542,-817.0443881833272,0.049845524747823854,11.95639226055632,-11.906546735808497,0,28,0.1253738655998866,2.323704353012303
102,1,190.45399861271898,1882.9991192369373,-1692.5451206242183,0.06387622028943125,18.81285565641881,-18.748979436129382,0,51,0.008295929308005157,2.0441216227172845
103,2,-79.90574494515901,1442.7327972630255,-1522.6385422081846,0.015728577464212783,15.789650574994779,-15.773921997530566,0,42,0.0058598430309970695,1.9617096539071674
104,2,376.97670817490274,1360.8354149876322,-983.8587068127295,0.09693783642245585,9.641963447543306,-9.54502561112085,0,20,0.7499298972143009,2.3543850460078346
105,1,339.27501886986727,1496.0687594024057,-1156.7937405325383,0.017126017694021865,13.868759057208365,-13.851633039514343,0,40,0.044072321958125826,1.894933779179624
106,2,60.95493620328894,1072.6585045685247,-1011.7035683652357,0.0186489254878119,12.731256305023237,-12.712607379535426,0,35,0.07082770359418689,1.9747966724344295
107,0,975.8650101524494,1234.996475868625,-259.13146571617574,0.005147899733804119,9.55502089984469,-9.549873000110885,0,13,0.15742086158740776,4.129136803799838
108,0,953.3911436904881,1788.8712957319967,-835.4801520415086,0.3042423643178316,11.002463571018497,-10.698221206700666,1,27,1.002091775913918,2.0988589284769326
109,2,304.3348002360325,1377.440484822902,-1073.1056845868693,0.8045148630360076,11.374139206965424,-10.569624343929416,2,21,3.6428042013669923,3.6406769115949587
110,2,364.00263867672766,1899.4177019792312,-1535.4150633025035,0.02296504076620372,13.412687556438108,-13.389722515671904,0,33,0.007834205747805356,2.1717541381570307
111,1,481.3375513346686,867.9111001694587,-386.5735488347901,0.0050200668200749135,10.137203488119487,-10.132183421299413,0,17,0.03237101881123294,4.007752098844538
112,0,1565.947467253045,3361.076796733534,-1795.129329480489,0.025664363358266537,11.751172340182961,-11.725507976824694,0,27,0.08943970203232254,2.432860003653964
113,1,738.0237086089452,1236.3809305243885,-498.35722191544335,0.016388629715737436,7.820809997036782,-7.804421367321044,0,14,0.06273856694962632,2.371378489902778
114,0,961.6817983661202,1231.0631755122538,-269.38137714613356,0.030080166325457822,13.718226327246306,-13.688146160920848,0,23,0.03764654364942999,4.141839445491275
115,2,417.5050088536384,1346.72845656122,-929.2234477075815,0.017852557153998236,10.08620724999527,-10.068354692841272,0,21,0.08619299402364788,2.2602768975251486
116,0,702.4508089174326,1486.224764891189,-783.7739559737563,0.013331495677268074,11.691803795033806,-11.678472299356539,0,29,0.056406107487934065,2.4130036060298607
117,0,1127.6051738868823,1589.3509184847426,-461.74574459786027,0.01331736855172331,12.144905745361143,-12.13158837680942,0,21,0.020938444000634604,4.1860673060701075
118,1,422.58639920998183,825.8057850351402,-403.2193858251583,0.00845276653837579,5.659889332866848,-5.651436566328472,0,7,0.048495439931645734,2.332764585634152
119,1,403.51554698255325,1741.7896330331291,-1338.274086050576,0.014437863466645403,13.497497922908488,-13.483060059441843,0,35,0.04524002829181839,2.109096039574176
120,1,620.7870960008112,1737.6329314366506,-1116.8458354358395,0.07970716326016575,8.158021180762868,-8.078314017502702,0,15,0.15267083688052452,2.3604953725151425
121,1,445.4491952918664,1101.507282741777,-656.0580874499108,0.009343447506944247,10.89762216635024,-10.888278718843296,0,25,0.0348004424083328,2.36470214164693
122,3,1932.3862917542053,3239.174215237273,-1306.7879234830677,0.04668286537258831,7.534006064909238,-7.487323199536649,0,15,0.06979075049840233,2.4055952793707824
123,0,1331.3915088457486,2030.3005908834193,-698.9090820376707,0.02187973979774882,14.372607508333866,-14.350727768536117,0,22,0.05619692678433452,4.239012086438173
124,3,357.0782398438729,2162.9965429730405,-1805.9183031291677,0.018057006889614275,20.098631043113624,-20.08057403622401,0,55,0.01383706034193466,1.944785264485482
125,1,635.1121125392829,2177.331991759951,-1542.2198792206682,0.014024683168167481,18.677297225776616,-18.66327254260845,0,51,0.0038601769452668577,2.0350774064335333
126,1,391.87430506019894,523.2722223835113,-131.3979173233124,0.008204768819132702,3.887578632733106,-3.879373863913973,0,1,0.043256580642463405,2.33239641223906
127,2,205.44958046685431,1645.2217089827595,-1439.7721285159053,0.01951333040566346,16.572660672814482,-16.55314734240882,0,45,0.00872419430795901,2.050716492469302
128,2,421.86602574133116,1980.9403630170655,-1559.0743372757343,0.023028024882759308,13.572608581434748,-13.54958055655199,0,35,0.008726963579647418,2.0555246930514848
129,2,400.45381928295126,1361.294102281095,-960.8402829981438,0.034452922128512586,12.408552620452776,-12.374099698324263,0,33,0.15156893147231898,1.9345190571364839
130,2,176.57126251565074,1097.9922199497998,-921.4209574341492,0.016540702507790904,10.853447087872889,-10.836906385365097,0,29,0.06140584675955196,1.9028121440089407
131,1,676.4461421336459,2667.036399100094,-1990.5902569664481,0.016944606043940064,18.455200388337385,-18.438255782293446,0,51,0.004327964007178053,2.0631357011337634
132,3,27.042339045212636,635.8264407454931,-608.7841017002804,0.028808569020941647,7.797987677142042,-7.7691791081211,0,14,0.14278682745126758,2.3937028631763972
133,2,84.94999342736354,1686.8656620002057,-1601.9156685728422,0.018688256573150912,13.998984605938945,-13.980296349365794,0,35,0.007096908227769205,2.104429940402799
134,3,575.0813074650503,2079.096828617733,-1504.0155211526828,0.007819641069524893,17.437649405706576,-17.429829764637052,0,49,0.003697360623174717,1.9414460293462632
135,1,706.0134853183046,1446.5417435619945,-740.52825824369,0.011531586978415826,10.66528617920394,-10.653754592225525,0,24,0.03060865381453226,2.28791016924659
136,3,707.5128735721532,1092.1961736714943,-384.68330009934107,0.055412129536403336,8.414136837430364,-8.35872470789396,0,16,0.4125443798377795,2.4272398897093446
137,1,608.4344820438447,1333.9510610770421,-725.5165790331974,0.009054744959067247,11.121800827405657,-11.11274608244659,0,25,0.03248717790641109,2.343106085584079
138,2,-28.210322282865278,1073.3108334436001,-1101.5211557264654,0.571539969513246,11.576777937819559,-11.005237968306313,1,25,2.528804461093678,2.5209122100789685
139,1,388.581675400954,1567.3255004227212,-1178.7438250217672,0.012400597992848981,13.252116845239575,-13.239716247246726,0,34,0.04447024883698347,2.1823180468397005
140,2,170.96490062092187,1317.4602288601372,-1146.4953282392153,0.019491870578145453,9.50712758421416,-9.487635713636015,0,20,0.06929104958430443,2.2943019059861953
141,1,432.96410382992485,1493.9758263779304,-1061.0117225480055,0.009959001851589556,12.302502739005545,-12.292543737153956,0,31,0.0411866376853105,2.171555529812057
142,0,993.9048979427766,1566.0790850691194,-572.1741871263428,0.07541690895569823,14.103173420471066,-14.027756511515367,0,21,0.5842840451075659,4.167129743082498
143,3,289.1568448294178,1318.4655230737771,-1029.3086782443593,0.013731175816410307,12.162967163261891,-12.149235987445481,0,31,0.054027779602805026,2.120678454857252
144,1,781.9822191814994,1770.9904231843368,-989.0082040028374,0.020934928112078532,13.819460992968166,-13.798526064856087,0,36,0.08438488181054993,2.3144407730482897
145,2,59.63727572169374,1884.8661697238208,-1825.2288940021272,0.016972280793341454,16.409149043947078,-16.392176763153735,0,43,0.007091725570237628,2.0530222170727654
146,3,508.68459253472747,1727.8138403540888,-1219.1292478193614,0.060652260740783705,16.286158081710376,-16.22550582096959,0,43,0.47865222383889616,2.1081588029058693
147,0,669.2794558102236,1802.5109648557627,-1133.231509045539,0.01871944909552929,15.87611054383303,-15.857391094737501,0,41,0.014772529087906605,2.223468223281259
148,0,935.7553175803733,1326.6068293408134,-390.8515117604401,0.11229585640360636,9.391342645806445,-9.279046789402837,0,17,0.9647077505622086,2.940218969045791
149,1,593.6531492808257,1028.2033866380225,-434.5502373571968,0.005050355391938411,9.64013851187241,-9.635088156480471,0,16,0.032333544484796306,3.4138751362470856
150,2,358.78801266640744,1278.933215183084,-920.1452025166766,1.0971423554461286,13.573393321122635,-12.476250965676506,2,27,4.836124082476051,4.835590263277442
151,2,347.11875272231134,1501.5545036501826,-1154.4357509278711,0.010317526389056182,6.669595052028495,-6.659277525639438,0,13,0.12411752159711043,2.1886796552455365
152,2,269.5134876300436,1530.6216803036064,-1261.1081926735628,0.011010282082199813,13.545057933847152,-13.534047651764952,0,38,0.06770312002989343,1.6936118294851426
153,2,545.8197798324031,1677.6572748777721,-1131.837495045369,0.02860056996585573,12.218943434383503,-12.190342864417648,0,28,0.00950614808033734,2.2118136198734604
154,1,680.5739272509283,2248.3317239495973,-1567.7577966986692,0.009932255333377679,18.03007292233045,-18.020140666997072,0,48,0.021802531730156005,2.0679915063794816
155,0,770.0478134158725,2103.020422414657,-1332.9726089987844,0.01803785327154343,16.34738381641367,-16.329345963142128,0,43,0.012989274070072554,2.0910468317438387
156,3,865.5263663816561,1553.0518510227305,-687.5254846410744,0.010149080862783913,11.267305717705717,-11.257156636842934,0,28,0.00981654941845278,2.2170482166261323
157,0,799.8201582302825,2311.7903265034934,-1511.970168273211,0.017598499925336093,16.31948430422809,-16.301885804302756,0,45,0.005801391929281863,2.05356863629488
158,1,305.25135209295973,904.441708695689,-599.1903566027293,0.00997997667656513,7.396631222396113,-7.386651245719548,0,13,0.04806964983779949,2.364568687369843
159,3,439.96701399885177,1311.5680683076257,-871.6010543087739,0.006352107208009501,12.90453008132235,-12.89817797411434,0,31,0.04565422129263297,2.2753093443152252
160,0,798.7904177458211,1175.8409213805985,-377.05050363477744,0.013070960754847283,8.374488801308987,-8.36141784055414,0,14,0.04880815396337468,2.5463518825996587
161,3,490.04181581380885,1557.598339134795,-1067.5565233209861,0.007793197090385048,12.521077992636378,-12.513284795545994,0,32,0.04792648023939705,2.2373153502878047
162,2,425.2039290284569,1539.261864520866,-1114.0579354924091,0.011692720808368792,12.38010540688733,-12.36841268607896,0,35,0.06155609224250469,1.8553591114598227
163,1,855.9651900228312,1217.2476574388702,-361.282467416039,0.013421964220779894,6.873198568107726,-6.859776603886946,0,12,0.02619137539116778,2.4174940923201724
164,2,360.53204380479355,1215.9567237329318,-855.4246799281382,0.013567106656434201,11.804147099509143,-11.790579992852708,0,30,0.05542543610475903,2.0100692875843613
165,2,-317.23842482388443,84.61106887290505,-401.84949369678947,0.02728120371216039,5.04216468427075,-5.01488348055859,0,9,0.17007279600882086,2.2049336860072444
166,3,716.7221404321705,1145.893195884838,-429.1710554526675,0.0175435572702696,6.973702427253059,-6.956158869982789,0,12,0.038023372034050595,2.4329825274904913
167,3,928.4341087466254,2452.013967045682,-1523.5798582990565,0.02233419808807387,17.87688253033991,-17.854548332251834,0,49,0.01838605701360052,2.070150469924645
168,1,530.1601300731048,1096.3663972587042,-566.2062671855994,0.011196911492100142,10.487744472940934,-10.476547561448834,0,22,0.03187118138113476,2.38848189525066
169,3,535.9504534825643,2180.280316314341,-1644.3298628317766,0.01181224499770613,20.907765100576547,-20.89595285557884,0,60,0.002975253000268907,1.9978760308648695
170,3,479.3650653321756,1564.59108147418,-1085.2260161420045,0.00947404466156331,11.40260618822794,-11.393132143566378,0,29,0.05055362353246906,2.0890530258958755
171,3,832.6594942891006,1873.4434578259618,-1040.7839635368612,0.016044971019726365,13.957883236784113,-13.941838265764387,0,36,0.11571301475724383,2.181004854359646
172,1,562.1294583242125,3618.7303658562555,-3056.600907532043,0.02352707256361349,14.890080348084622,-14.866553275521008,0,39,0.006740918203114177,1.9025165724797297
173,3,1176.4711912027878,2024.5091504371508,-848.0379592343629,0.01336241583190205,12.160064907989835,-12.146702492157933,0,29,0.08169634389271252,2.336919665111388
174,1,996.7690088070885,4824.095513470807,-3827.326504663719,0.036558335081757765,16.613238619113044,-16.576680284031287,0,45,0.0998181010565915,1.911589364723799
175,2,480.32400466792774,1497.4979794569517,-1017.173974789024,0.014542480535964658,11.10910354520383,-11.094561064667865,0,25,0.06830689754142583,2.2141747748050093
176,0,937.9632704270496,1471.2017470777184,-533.2384766506689,0.021700505968939732,11.836038902416014,-11.814338396447074,0,18,0.09768101978794164,4.199272939583544
177,2,32.74109923933969,829.8665300040027,-797.125430764663,0.012060338057734649,6.172002234758341,-6.159941896700606,0,11,0.11113515512644767,2.234256689417375
178,2,156.99767240945772,1193.8560066593486,-1036.858334249891,0.013841353977096167,10.487826422096347,-10.473985068119251,0,26,0.035890634511869024,2.1188555858071183
179,3,193.091597444084,1742.4477835917953,-1549.3561861477112,0.051934922087638245,14.818727688961564,-14.766792766873927,0,40,0.3164154502414398,1.9359001142749186
180,0,816.402498290759,1117.0868584519176,-300.68436016115857,0.004963339730387682,10.459715462938677,-10.454752123208289,0,15,0.048410432094378564,4.048907845590239
181,2,-49.71427372383643,1025.672985114124,-1075.3872588379604,0.01781947300370976,11.153301254302361,-11.135481781298651,0,26,0.05161184142735564,2.281773076401876
182,3,715.9891479578872,1515.8017977605343,-799.8126498026471,0.023030345487604808,10.189057584432447,-10.166027238944842,0,22,0.12201376466068226,2.386903025307557
183,3,468.15708879937364,1680.8746434640589,-1212.7175546646852,0.08809264283526068,13.936073691431014,-13.847981048595754,0,36,0.7387515202238681,2.1078983408261145
184,1,263.75168160438784,1394.5479193353192,-1130.7962377309314,0.013042567140827252,12.406947255450797,-12.39390468830997,0,31,0.0493117518559707,2.128190135748884
185,1,509.42921904394154,1412.6291521957571,-903.1999331518156,0.010035374416703593,12.956961195939906,-12.946925821523202,0,33,0.03472788495382062,2.2007661330101094
186,0,823.9597796018925,1152.115091267305,-328.15531166541246,0.01349739499167156,6.5518884417883605,-6.538391046796689,0,10,0.053855060239055064,2.4700189074131913
187,2,5.795242841680938,1059.9431381302643,-1054.1478952885834,0.014444911193954994,13.445892579030158,-13.431447667836203,0,33,0.06628059923033547,2.081957130755569
188,1,324.3158224505615,1471.5782408857067,-1147.2624184351453,0.014037828211074759,13.231658135504503,-13.217620307293428,0,33,0.04552360197067529,2.084793560609434
189,1,747.3766897931927,1249.9146507796154,-502.5379609864227,0.021817385463077838,9.11892835070743,-9.097110965244353,0,20,0.1117479623187414,2.437781099947184
190,1,600.3359318306219,1126.1132790345787,-525.7773472039568,0.04366626520990158,7.6736474793592855,-7.6299812141493835,0,15,0.3105257298360158,2.410873381963942
191,0,756.1668325752046,2051.4425489252217,-1295.275716350017,0.017624204495086948,15.63212492985823,-15.614500725363143,0,40,0.003312610144377004,2.1598963366944055
192,3,239.30154252347947,1616.1636553329022,-1376.8621128094228,0.014886596612748779,14.179905693067779,-14.16501909645503,0,38,0.061396612038358,2.0656108297753804
193,2,457.31076885368105,1798.7266770604601,-1341.415908206779,0.012481244956962392,12.44846701671802,-12.435985771761057,0,31,0.06345667009157552,1.8761551940770431
194,3,887.6758232395938,1919.591996302394,-1031.9161730628002,0.026348246373306506,13.374279998292407,-13.3479317519191,0,34,0.11558282023791477,2.131900300873415
195,1,319.4537205025712,1441.1316169178772,-1121.677896415306,0.011549031658206385,14.206223436062857,-14.19467440440465,0,37,0.004077839258734173,2.1749073977194477
196,1,723.1700342560914,1805.6523152439129,-1082.4822809878215,0.03946582691363229,11.6866322392696,-11.647166412355967,0,29,0.298695189980851,2.2618381457674204
197,3,480.6338996980302,1470.5321723607578,-989.8982726627277,0.07493776409238065,13.37719904203927,-13.30226127794689,0,35,0.6475700754469145,2.144082823192761
198,1,303.9768111174752,1633.9346876312143,-1329.957876513739,0.01533881828787436,12.898249547415078,-12.882910729127204,0,34,0.048962482086533754,2.0634515526112445
199,1,515.8812490148342,1522.222570807067,-1006.3413217922329,0.012165425485034851,13.223743569455513,-13.211578143970478,0,33,0.03556661190151189,2.2366256015621993
200,0,664.3899520333281,999.0401217899654,-334.6501697566373,0.0856244960956225,13.206332780793824,-13.120708284698201,0,22,0.7388831890389476,4.1418742481378885
201,1,829.9055791503655,1922.328511017649,-1092.4229318672833,0.009426575079531546,13.307504001306723,-13.298077426227191,0,32,0.10447276821196994,2.1487122469187625
202,0,1010.8392717689312,1747.585073875719,-736.7458021067878,0.017849496600278087,11.614896104683531,-11.597046608083254,0,28,0.020490563200137757,2.3702714018982576
203,1,663.725181648334,1602.5436467498234,-938.8184651014894,0.01020803636393029,12.577305512969938,-12.567097476606007,0,29,0.03500776677729078,2.289740844268728
204,2,407.780849605226,1575.65014435779,-1167.869294752564,0.8207198794615317,12.964491050860703,-12.143771171399171,2,28,3.0556496060277,3.0520021593953146
205,2,293.68458726300685,1728.1846083316755,-1434.5000210686685,0.01123541909424008,13.440510407577213,-13.429274988482973,0,35,0.06810181592705078,1.7827076799688086
206,2,25.796982528973164,1790.8733472286624,-1765.0763646996893,0.017976042492149718,16.260741558107718,-16.242765515615567,0,42,0.007216272713844063,2.0921057587301313
207,0,880.8914542540836,1344.9062611426125,-464.01480688852894,0.015188302434753031,9.913876703696083,-9.89868840126133,0,18,0.04608530840673808,3.4848114300242266
208,3,323.2108930170116,799.3056372958656,-476.094744278854,0.008402565263145393,8.784147358428276,-8.775744793165131,0,16,0.05105371794537206,2.4297721828506766
209,2,408.5808127346593,1900.0606651704238,-1491.4798524357645,0.026276090014823634,14.720724900331808,-14.694448810316985,0,36,0.009275137021997892,2.245281790037101
210,1,602.1996859853689,1658.476908268985,-1056.277222283616,0.012092572469536161,11.655780975055,-11.643688402585465,0,29,0.03635631155900754,2.1684510645548443
211,0,990.643354055749,1478.335773853709,-487.69241979796004,0.01734416706533996,9.635559446502063,-9.618215279436722,0,22,0.021326265435767766,2.358450540203499
212,0,1108.1351991088866,1700.3965479144672,-592.2613488055806,0.015522022341318461,11.443144562885776,-11.427622540544457,0,26,0.015418409645924669,2.3899018253674633
213,0,767.2712584974602,1132.6475514759209,-365.3762929784607,0.013179921409238987,8.087184467909962,-8.074004546500722,0,17,0.04683641088201895,2.4250413145450196
214,0,968.3006606558044,1253.4738631342148,-285.1732024784103,0.011829804237832203,9.760851462698328,-9.749021658460496,0,18,0.032073531540891764,4.027769312379874
215,3,779.9740423799773,1590.1690203179646,-810.1949779379873,0.03601506050787314,12.793194459298588,-12.757179398790715,0,33,0.22523246530852958,2.143657148614345
216,3,384.5790676351562,1354.32902883436,-969.7499611992039,0.008009191566668548,13.727325980089235,-13.719316788522567,0,35,0.04774881622239491,2.1461669492782462
217,2,669.9029989674999,1789.940904168976,-1120.037905201476,0.34985509842896945,14.001041606522433,-13.651186508093463,1,33,1.3841278422152072,2.3770726757384715
218,2,378.51620974318894,1244.3314988647896,-865.8152891216007,0.01697782383409572,9.320339857727815,-9.30336203389372,0,20,0.08172563376790265,2.292486007077038
219,0,694.0456472184093,946.73560164461,-252.68995442620076,0.014517339407319753,11.12204423780579,-11.10752689839847,0,21,0.04637134198154058,4.081381514353996
220,3,633.2456852180577,979.8601437617635,-346.61445854370584,0.002913939082487405,10.333051243522162,-10.330137304439674,0,16,0.07829058285102874,4.0749887638752185
221,1,625.7183005880682,1400.4349276666724,-774.7166270786041,0.009545684125682097,11.161843602047183,-11.152297917921501,0,26,0.03316291937233373,2.2934291656233547
222,1,197.36682915164062,1340.1869211976714,-1142.8200920460308,0.015223626696639037,13.556744415854313,-13.541520789157675,0,34,0.05177880548293956,2.0892088427118587
223,1,924.6509501457093,4447.02609041592,-3522.375140270211,0.032912538791016,17.109379642648417,-17.0764671038574,0,46,0.008308706160399026,2.014289845731856
224,3,695.1628332670449,1062.2974782694175,-367.1346450023726,0.0008445474255875853,10.497729440113817,-10.496884892688229,0,17,0.03948214674237249,4.075647729845127
225,3,668.5440522813337,2419.706154572017,-1751.1621022906834,0.010105813876265524,17.1914119945122,-17.181306180635936,0,46,0.004615879393515598,2.0740383991901936
226,3,403.78589550151804,1516.7575151361875,-1112.9716196346694,0.010651403041566684,12.171889488022098,-12.16123808498053,0,30,0.052033957171310874,2.177315522804868
227,1,313.83876386629106,849.8213349821988,-535.9825711159077,0.010745207933373892,9.668077436998946,-9.657332229065572,0,18,0.042025442975596405,2.397248279941749
228,2,134.43467573326203,643.9116887513935,-509.4770130181315,0.0060859078847704424,5.890571589821832,-5.884485681937061,0,12,0.07389875498965992,2.0879751338254238
229,2,1212.3675417909033,2824.7448228698167,-1612.3772810789135,1.3965212786642482,13.49084228314261,-12.094321004478362,3,23,5.06954727452359,5.06911466401181
230,2,208.06156626118945,603.7150978948011,-395.6535316336117,0.006263785077618766,5.000144971654509,-4.993881186576891,0,9,0.07462056417746155,2.110714557434626
231,0,1073.9078928020303,1718.8014622302896,-644.8935694282593,0.020395482668924703,12.325941024716265,-12.30554554204734,0,30,0.08557076137534736,2.381837137420167
232,2,323.0742074811,1126.842842822342,-803.7686353412419,0.05817285124143468,9.285568454428487,-9.227395603187052,0,19,0.36734387025897064,2.307275852566775
233,0,934.2491055802539,1225.1299493044826,-290.8808437242287,0.012154582532374713,6.9004861119157175,-6.8883315293833425,0,11,0.04398060913706203,2.662139135246985
234,1,597.7252072264407,1564.7564407278714,-967.0312335014307,0.04642424574942534,11.97367082237229,-11.927246576622863,0,30,0.36115227249701576,2.255331849687721
235,2,178.3998894395977,1452.459018152892,-1274.0591287132943,0.07953741810952557,12.033401104821317,-11.953863686711792,0,32,0.5933685438748135,1.9802605031238052
236,2,230.38183896293316,2062.4487912101545,-1832.0669522472213,0.04315701509979101,17.019242789261146,-16.976085774161355,0,44,0.271108293899502,2.138113518663207
237,3,255.08398921864242,519.1760183489943,-264.0920291303519,0.010889263819615433,7.951759957336493,-7.940870693516877,0,15,0.03941214367447543,2.453338968937473
238,2,77.79422480854295,1070.2452778418287,-992.4510530332858,0.8126471683959732,13.40240671308137,-12.589759544685398,2,27,3.8903994666626147,3.888803969531267
239,3,1036.3328519864122,1455.1318895984505,-418.7990376120383,0.061811086042898034,8.776573482109951,-8.714762396067053,0,18,0.45342340849561324,2.3740864746457717
240,3,841.511713053288,1631.546463683964,-790.0347506306761,0.013546868494290395,12.000682248699652,-11.987135380205363,0,29,0.024737452729908682,2.1232196928433957
241,1,637.4893423644758,1381.2037852736344,-743.7144429091586,0.007824513091921028,12.242494882305605,-12.234670369213685,0,31,0.028566062149298688,2.29392302983873
242,2,381.32853941362185,1993.792466425828,-1612.463927012206,1.0523837571303245,16.78613882535799,-15.733755068227666,2,35,4.24713104516011,4.246076162156875
243,3,938.1217374790234,5139.278735381964,-4201.156997902941,0.025363124523135976,17.44712058857037,-17.421757464047236,0,48,0.008545229843033297,1.9193157445168225
244,3,741.4138721255235,1651.0575147199784,-909.6436425944548,0.005891985813753472,12.21509865556864,-12.209206669754886,0,30,0.03712345142359297,2.3583293385853956
245,3,671.1640560157978,1456.4793842054942,-785.3153281896964,0.10143611570289529,12.146772634671741,-12.045336518968845,0,30,0.9234544236774767,2.358909601161514
246,2,60.94205586065821,448.13410823328263,-387.1920523726244,0.004462242928312416,6.968817865273405,-6.964355622345093,0,13,0.0666048636981813,2.25468610957952
247,1,425.62959779556974,2087.6614555294277,-1662.031857733858,0.021298502349424247,16.880363754365188,-16.859065252015764,0,46,0.006884218963772781,1.9783966781140059
248,2,125.84422165206445,1469.8766750440186,-1344.0324533919543,0.353652105166297,14.52245119296129,-14.168799087794993,1,33,1.4420555825908359,2.445670579704803
249,2,357.89815804329015,1287.0111512749595,-929.1129932316694,1.1104754218011836,13.315450540387646,-12.204975118586463,2,24,4.875394225398583,4.874886751452966
250,1,562.4888221097916,1486.1656217373074,-923.6767996275158,0.011626588605942003,13.867942298537827,-13.856315709931884,0,37,0.03140903903927139,2.201729883915725
251,0,708.5981661297916,1478.1821596258515,-769.5839934960599,0.027095529148477984,11.2861436303621,-11.259048101213622,0,26,0.13243045802529352,2.390228067208753
252,3,611.9740100745676,1501.6677883785974,-889.6937783040298,0.0048864475090533,11.620240048238434,-11.615353600729382,0,27,0.04165442452059054,2.246909393853606
253,2,483.17082327325556,1463.85988180416,-980.6890585309045,0.020695325474227384,9.05175736320781,-9.031062037733584,0,20,0.09025659433651256,2.2683940758625845
254,1,427.8399369620411,1967.6949285195478,-1539.8549915575068,0.01864077227770748,20.88784718358207,-20.869206411304365,0,61,0.005060274337697734,2.0127034691849666
255,0,883.530844477432,1121.9465843958196,-238.41573991838766,0.004975621520762163,9.541858902058395,-9.536883280537634,0,13,0.03756975131162932,4.152267715461051
256,1,465.07031126877126,943.677738847762,-478.6074275789908,0.008176856726346469,5.9566728144618,-5.948495957735454,0,9,0.04878334675555607,2.254138435594868
257,3,13.137012238686335,1672.9709538382247,-1659.8339415995383,0.0626317349173681,19.460780352809817,-19.39814861789245,0,54,0.008775426066087277,1.9175912856264965
258,2,394.1316735917837,1500.6037609073842,-1106.4720873156004,1.055831678130749,12.734383040148794,-11.678551362018045,2,26,4.368585098341185,4.367667544439513
259,0,807.9182968366387,1394.4681800165913,-586.5498831799526,0.016490277609630954,10.763446724654353,-10.746956447044722,0,25,0.003676484650334544,2.087175094484163
260,3,590.8187892166915,2276.727810327312,-1685.9090211106204,0.010594824174270009,17.005459417607863,-16.994864593433594,0,47,0.008168849973465342,1.9970748089245305
261,1,422.87105893216113,2018.8906732838961,-1596.019614351735,0.05155616467309517,17.96241073643337,-17.910854571760275,0,49,0.2985107933682194,1.976331936523792
262,2,-84.28839025568884,1123.0667517056247,-1207.3551419613136,0.023138132955835555,12.656105735697848,-12.632967602742012,0,30,0.026027076034711882,2.2900121114622394
263,3,1187.0643468265039,1399.3674885565888,-212.30314173008492,0.01159291443348344,8.77039889902292,-8.758805984589436,0,16,0.04613773258362741,2.4497373847470207
264,0,1975.8667053527365,2382.7862579993844,-406.91955264664784,0.01351110299615567,9.82067544595675,-9.807164342960595,0,14,0.7381028391246502,4.158479736777263
265,2,-15.671444595249582,1073.543693917604,-1089.2151385128536,0.015696401691457106,13.079889103521658,-13.064192701830201,0,37,0.07784799638638518,1.9898262249836414
266,1,577.8058237421951,2248.2952654130513,-1670.4894416708562,0.018013270586014762,18.989668636164524,-18.97165536557851,0,53,0.03028985786712468,1.9387624805219161
267,2,281.71927808362545,748.3110492460198,-466.59177116239437,0.008078212167610828,6.474942801727285,-6.466864589559674,0,12,0.06749684973926406,2.186055465870851
268,2,-56.80297264826124,990.1260722150245,-1046.9290448632858,0.017000221256427105,11.126111280083192,-11.109111058826764,0,27,0.03427230332794551,2.188830179453962
269,3,688.457928693596,2225.2275858645085,-1536.7696571709125,0.00807649223126298,17.385062048703386,-17.37698555647212,0,48,0.01866389379964062,1.9667866054092933
270,2,552.0166604372877,1344.3515387447142,-792.3348783074265,0.8014439524980345,12.099372991784335,-11.2979290392863,2,24,3.5933936236855075,3.5911366342064426
271,3,570.6197328282196,1740.18314962113,-1169.5634167929104,0.009180432128810914,13.55664135012021,-13.547460917991398,0,34,0.04536898536360923,2.1374641886955885
272,0,1073.2025794666322,1081.8911808190592,-8.688601352426986,0.015974614522167117,8.06292960684081,-8.046954992318643,0,7,1.0599895310693839,4.230521658798004
273,0,1087.743590676858,1785.9837030374813,-698.2401123606232,0.03881150241572845,11.36964573103269,-11.330834228616963,0,25,0.1408426439554944,2.390732225653693
274,2,77.81526611068627,1744.9589817293852,-1667.143715618699,0.015779979939847994,15.694941937286217,-15.679161957346368,0,40,0.0068888736942085416,2.0173292461477317
275,0,762.8030391425614,1393.7559420863652,-630.9529029438038,0.016338434727740412,10.467706669192422,-10.451368234464681,0,24,0.05318281050499962,2.4254845849660924
276,2,445.6259467490941,938.5995837073613,-492.97363695826715,0.009593761132896507,6.784264140104672,-6.774670378971775,0,10,0.0582968899494567,2.4732976617043825
277,0,1048.765472023001,1435.090710175325,-386.3252381523241,0.011373500804677547,10.96959342109682,-10.958219920292143,0,18,0.011262082180447663,4.103837782667064
278,2,854.7937681956786,1209.9929777939378,-355.19920959825924,0.03341389874346593,6.875265833717246,-6.84185193497378,0,11,0.6351622045899461,2.402854137208564
279,2,560.3655836677324,1318.3475140004305,-757.9819303326981,0.813320078260045,13.40461805676408,-12.591297978504036,2,27,3.8926492720222328,3.8910552054023597
280,1,184.8029734611422,1167.341646942279,-982.5386734811369,0.025296827961469925,13.920558114271849,-13.89526128631038,0,35,0.09290333278371676,2.141776538159192
281,2,491.14799184630135,1221.3272472776011,-730.1792554312998,1.0926478269937439,11.993658613310531,-10.901010786316787,2,22,4.81805801730809,4.817510727459762
282,3,808.0448880742423,1134.923312720552,-326.8784246463098,0.007960018375145485,8.291281537652237,-8.283321519277091,0,16,0.024433207416908687,2.4359559961916624
283,0,1047.9199949705,1427.1653697327056,-379.24537476220553,0.010829526831938626,10.566524679920045,-10.555695153088106,0,21,0.01782500519809105,4.080169813768727
284,0,1496.6235570239971,2014.2758616225794,-517.6523045985823,0.044055071866075775,15.62707899135417,-15.583023919488094,0,23,0.05399825606791708,4.170197334746966
285,2,311.8015512212154,2134.232604593173,-1822.4310533719577,0.018328632100742537,17.231098298643936,-17.212769666543192,0,46,0.009509784859091042,2.0737062861789752
286,1,328.842499446935,1340.902204172659,-1012.0597047257239,0.014842718713141434,14.566063573394507,-14.551220854681365,0,39,0.042103177070657694,2.1451068948002856
287,3,77.04315429810309,1081.822920712846,-1004.779766414743,0.03710163899813832,9.699927960841528,-9.66282632184339,0,23,0.06586361292154308,1.8517310698940541
288,0,651.4304598704123,809.8991796656303,-158.46871979521802,0.012097846381590593,9.380692106831217,-9.368594260449626,0,17,0.022268643617522343,4.010943259854365
289,2,91.17817430967526,1482.4228392926796,-1391.2446649830042,0.016268676325783164,13.322405592579257,-13.306136916253474,0,38,0.07166084051592847,1.9980878448740924
290,1,606.2613399581553,1345.9257200361749,-739.6643800780196,0.01022267217048542,10.629870722157982,-10.619648049987497,0,24,0.033514344108517946,2.3063676547788496
291,0,1031.9518024854672,1430.1410622943902,-398.189259808923,0.012734996170434665,11.101762831081592,-11.089027834911157,0,21,0.03759712468309573,3.523775094732745
292,3,552.3327343411194,2199.157909171252,-1646.8251748301327,0.010153907063417492,20.70031930913616,-20.69016540207274,0,61,0.002497855625886558,1.9614598056799757
293,0,726.7728889700995,1573.5038576092472,-846.7309686391477,0.013878895503177844,11.713390292364727,-11.69951139686155,0,28,0.05733457751588844,2.3634439186956158
294,0,873.4692203497796,1087.255318778822,-213.78609842904234,0.011476495631042631,8.479291196287958,-8.467814700656916,0,14,0.04034443715369207,3.1578089318968594
295,0,2147.094396283642,4277.888615322425,-2130.794219038783,0.06049667053713829,15.55751013290672,-15.497013462369582,0,31,0.33929102842455094,2.3736534940928884
296,0,1014.801158617853,1624.1905228846986,-609.3893642668455,0.016418444298785435,11.27503691580885,-11.258618471510063,0,28,0.0038985041806398613,2.242813524996553
297,0,1626.279856409271,1813.9340266696274,-187.65417026035652,0.03095696700403112,9.738142597478241,-9.70718563047421,0,17,0.025080631327075054,4.089358441607207
298,1,186.4058020988527,914.5826182076902,-728.1768161088376,0.01349396805663385,12.837056281941694,-12.82356231388506,0,32,0.03690132332108931,2.2329002883893345
299,3,350.60743011518827,787.2442289529617,-436.6367988377735,0.016895655804449055,5.062819340448439,-5.0459236846439905,0,5,0.1537298476512241,2.2729428940833536
300,0,911.9351161490622,1681.0325223762018,-769.0974062271396,0.030991255887569496,11.935581873311891,-11.904590617424322,0,30,0.1376836531671195,2.1698713520062007
301,0,872.5534678825309,1402.660414371086,-530.1069464885552,0.011049959969694836,13.065204243769658,-13.054154283799964,0,28,0.013710691574978284,4.080201105498638
302,3,646.8593111484465,2728.5567900409196,-2081.697478892473,0.010125753785121447,19.662999681669806,-19.652873927884684,0,56,0.003343679268837718,1.9568043014548238
303,1,386.89390504003836,1886.3476038695871,-1499.4536988295488,0.02808239689383818,17.00467407194726,-16.97659167505342,0,47,0.0859269128330844,1.9658340035231099
304,3,264.88133041412544,1052.4369666712196,-787.5556362570942,0.00878421235612655,14.092680093746585,-14.08389588139046,0,35,0.04456804532649272,2.081235010961805
305,1,598.9273331887506,1764.196796401921,-1165.2694632131702,0.018317946826444574,12.772430832792617,-12.754112885966173,0,31,0.06595028621313048,2.1799462175965267
306,3,434.3905814682583,1174.3464233391169,-739.9558418708586,0.011500058990153042,10.620654550785595,-10.609154491795442,0,23,0.04611566438675396,2.4268092650480426
307,3,541.900866942149,2083.3425969292152,-1541.441729987066,0.01008687525225945,17.888267170239843,-17.878180294987583,0,50,0.0069343261045773374,1.9135889686180363
308,2,375.1425173920934,1916.1579435218573,-1541.015426129764,0.023656860350226665,14.502517845786906,-14.478860985436679,0,36,0.009276248443459423,2.164457704552369
309,2,206.00175655768345,1284.9395261413845,-1078.937769583701,0.03673507432673666,13.3722279808019,-13.335492906475164,0,36,0.1441857531745967,1.9726051718921767
310,0,673.1849577032107,2040.7448928028189,-1367.559935099608,0.018002766037948186,17.524820051677963,-17.506817285640015,0,47,0.0035675861893729177,2.035662688055776
311,1,540.6958006218463,1405.949401535509,-865.2536009136627,0.010166770153939094,13.414927777032334,-13.404761006878395,0,33,0.03184568808964272,2.1674302096021663
312,0,1617.9006948604622,2047.5496910924646,-429.64899623200245,0.041984865282963156,9.796931911140758,-9.754947045857795,0,21,0.028814714471963043,2.2617668039816934
313,1,444.0198703543023,2167.800904740429,-1723.7810343861265,0.017702611049433454,18.311463441672835,-18.293760830623402,0,51,0.004780930823763185,1.9626776121571758
314,1,971.8697744034579,1836.4955645547075,-864.6257901512496,0.012552396927463079,12.390151157562336,-12.377598760634873,0,31,0.11285808822811205,2.127996638980992
315,2,91.30302057427295,1298.9386049978093,-1207.6355844235363,1.0630934988551952,15.642692010419461,-14.579598511564265,2,34,4.441519623194019,4.440678601656238
316,0,1281.21662833844,2329.0543873329902,-1047.8377589945503,0.022811902269703383,16.313733243939566,-16.29092134166986,0,33,0.004000137816035476,2.452660216999753
317,0,1608.8599072510663,1979.5479652378717,-370.68805798680546,0.03712281375168878,11.901181007573085,-11.864058193821396,0,22,0.03432240777597073,4.118471943628325
318,0,858.6980455786785,1547.4815099701555,-688.783464391477,0.015149479469124793,10.705003747685671,-10.689854268216546,0,23,0.051409155194814815,2.404263550012182
319,3,490.40021552841,2276.860103699743,-1786.459888171333,0.016808809624411225,19.248040308139668,-19.231231498515257,0,55,0.007236497878153614,1.9032961114397402
320,1,465.88215097099567,2389.434764849784,-1923.5526138787886,0.020014381239728356,18.247944829115905,-18.227930447876176,0,51,0.005250038169545945,1.9014919730620399
321,1,257.01112698796635,1691.3687067231474,-1434.357579735181,0.0171462426620188,14.195599504611641,-14.178453261949622,0,41,0.051755513556820176,1.7946209758511777
322,0,1003.730873910334,1445.6677859394076,-441.9369120290736,0.3410687814309077,11.088320942510103,-10.747252161079196,1,21,1.3952607904302958,3.585068980130096
323,3,523.8312448873706,1155.4006645066174,-631.5694196192468,0.00920163063606335,9.112118362658324,-9.10291673202226,0,18,0.05146936381403222,2.38210318742086
324,1,191.6834511295275,2296.060939863945,-2104.3774887344175,0.06457155641376684,19.773997160816762,-19.709425604402995,0,54,0.01563079310036386,2.045847469714964
325,0,1036.5516425595792,1261.9966065454191,-225.44496398583988,0.028199177275830448,8.67781568451579,-8.64961650723996,0,16,0.15276289191266912,4.032627823515039
326,0,832.2420919642248,1530.7300113897832,-698.4879194255584,0.017485621099756116,12.749193454307454,-12.731707833207698,0,31,0.010081258663017678,2.2397893614112796
327,1,624.3591511754962,2201.5348816320384,-1577.1757304565422,0.015304071221173832,15.896539811825795,-15.881235740604621,0,43,0.005198145749169214,2.186000224800594
328,1,324.1982788785264,875.8086199283696,-551.6103410498431,0.010046355794354915,11.040730846838104,-11.030684491043749,0,20,0.09104357005327657,2.99609287423997
329,2,176.9662580296425,544.1268375892575,-367.16057955961503,0.006481904085106848,6.612786106050141,-6.606304201965034,0,12,0.061318414710278546,2.3083136659327472
330,2,269.0875341136719,1565.3981527066167,-1296.3106185929448,1.1065757428810856,12.137403980405788,-11.030828237524702,2,22,4.830417165545402,4.829879531649528
331,0,943.7144276524513,1517.7931705281821,-574.0787428757309,0.01459632512779955,10.156004514743037,-10.141408189615237,0,24,0.0036379645068755906,2.2059710636658956
332,1,555.2586427673565,1735.3110237343249,-1180.0523809669685,0.10792218562581657,14.078337535468089,-13.970415349842272,0,39,0.9196934814922813,2.172949646815205
333,1,135.85067501126215,1537.3712306204795,-1401.5205556092174,0.028840400918231184,14.767953731894565,-14.739113330976334,0,39,0.0066711515669162225,1.915253375126074
334,2,270.59664708386316,865.6693349642026,-595.0726878803393,0.006750428822100187,6.735890145471637,-6.729139716649537,0,13,0.3403786672319882,2.1818537217384737
335,0,854.0776090389041,1192.3281956836595,-338.25058664475534,0.05897393793968065,10.369366565681885,-10.310392627742203,0,19,0.4598600898094567,3.6959350602821175
336,1,622.4107313172218,1390.9157992365626,-768.5050679193408,0.008243466586918966,11.586767456586914,-11.578523989999995,0,28,0.030456626405708676,2.326574355817481
337,1,403.1136293875391,1702.7231354888563,-1299.6095061013173,0.015831607220955963,16.483647284919723,-16.467815677698766,0,44,0.0037042153449178272,2.125611832950863
338,2,188.09538867162863,1148.6128713133555,-960.5174826417269,1.1038801354634502,13.015920327134952,-11.912040191671501,2,27,4.852839901084444,4.8523180028147905
339,0,718.112221964258,1539.2953026778102,-821.1830807135523,0.013088686960757599,12.068000422063074,-12.054911735102316,0,31,0.05345073597230865,2.372116944894916
340,0,753.774506141899,1084.0745397785158,-330.30003363661683,0.06871901880561136,8.468032341496214,-8.399313322690602,0,13,0.5471143642837966,2.8892030288411554
341,3,771.7325159030876,1341.1991320586171,-569.4666161555296,0.002507459253183564,9.44333737094851,-9.440829911695326,0,18,0.04361642909576702,2.7712525810908133
342,3,720.3082082539297,1638.8841259720236,-918.5759177180939,0.006134279442171047,11.59086920971604,-11.584734930273868,0,28,0.039899198203123376,2.3139248006487563
343,0,1148.6618281506867,1754.0832359586889,-605.4214078080022,0.015748096512401596,14.9773456141686,-14.961597517656198,0,21,0.03582070767577861,4.213671768131132
344,0,980.0227856695641,1501.9911904228063,-521.9684047532422,0.026378108355546354,11.298320279383484,-11.271942171027938,0,23,0.14786564794170687,4.057003679513436
345,1,240.5095945328267,1828.1189326894585,-1587.6093381566318,0.017123734061157785,17.74175594537147,-17.72463221131031,0,49,0.010021854006158293,2.0171646417227613
346,2,297.1810568327402,697.4293641533885,-400.24830732064834,0.009033168610492968,5.794144400021833,-5.7851112314113395,0,12,0.07410771180262188,2.324016030120905
347,2,54.41531729393912,1087.700677979543,-1033.2853606856038,0.01837841819813914,8.670969459317563,-8.652591041119424,0,18,0.059069641113524085,2.2444448187502104
348,0,858.6921022813794,1880.2295169351487,-1021.5374146537692,0.033309939290741,12.12712636112249,-12.09381642183175,0,30,0.1353659108290053,2.2304682825775295
349,3,565.7282598196235,2257.2484770386855,-1691.520217219062,0.019520709395799418,17.753045652129543,-17.733524942733744,0,49,0.10143552460504068,1.9818889019433463
350,1,621.1806900499353,2696.9241110282455,-2075.7434209783105,0.016742466048858734,12.503718504201082,-12.486976038152223,0,31,0.07682754581574969,2.2886818194826226
351,2,112.68492233570223,1772.5432846027581,-1659.858362267056,0.017436592593262912,13.057657924408936,-13.040221331815673,0,33,0.006797984092031584,1.9977994267394372
352,1,252.6832019912167,1854.45405547045,-1601.7708534792332,0.02413920946824022,20.052776732981012,-20.02863752351277,0,58,0.014128925064099462,1.9701196053326235
353,0,904.2073554389918,970.982657090761,-66.77530165176915,0.011414239387538725,9.75139327569121,-9.739979036303671,0,12,0.08927068170122254,4.369184601802008
354,2,267.6708988359866,1884.3868799933002,-1616.7159811573138,0.05448228058963722,16.77870319272979,-16.72422091214015,0,45,0.011049346637360458,1.9179180387696242
355,1,584.2996184504086,1697.9593809634464,-1113.6597625130378,0.013392761857015446,12.484795320534365,-12.47140255867735,0,30,0.038505230218191855,2.155520078327225
356,0,917.1132826864152,1099.6179039789058,-182.50462129249058,0.01369793074038094,8.881856655698432,-8.86815872495805,0,16,0.025448595995356982,4.065665524880703
357,2,181.7973474575744,1073.4762613398589,-891.6789138822844,0.013919266324004335,11.338397083053792,-11.324477816729788,0,30,0.06410019101017639,1.8403152250668278
358,2,560.136594424636,1764.2153157698979,-1204.0787213452618,0.028384659261004863,12.217053157739597,-12.188668498478592,0,28,0.009406975789971739,2.213829914960293
359,1,210.9856810733646,1400.1780483049715,-1189.192367231607,0.013974805211236672,12.562084102763052,-12.548109297551814,0,30,0.053232292781370205,2.120750864051491
360,3,473.34249014311337,1730.9543621667772,-1257.6118720236639,0.00958210775571386,13.046599568386691,-13.037017460630977,0,33,0.0518188688697343,2.1682002282798045
361,2,134.40703355063513,1249.5114974417647,-1115.1044638911296,0.014835152052659598,12.554887039987563,-12.540051887934903,0,31,0.039661480942669414,2.2071900746602253
362,2,317.7367769437974,632.428775415723,-314.69199847192556,0.010910936412347623,4.80596967060388,-4.7950587341915325,0,9,0.18622206554913134,2.2591234023427624
363,0,699.0696210522685,1192.8901700838517,-493.82054903158314,0.0073697127816355614,9.861827456934517,-9.854457744152882,0,16,0.10712964949034998,2.821905278796997
364,2,429.8641054978516,1581.4300483305642,-1151.5659428327126,1.1120874438033201,17.04265687153275,-15.930569427729429,2,40,4.875805886334945,4.875298770017196
365,0,806.7671861592682,1395.5128634473967,-588.7456772881285,0.014006527938853985,9.918097076709497,-9.904090548770643,0,21,0.05252645004469514,2.470751309793787
366,0,1063.8055296169705,1636.5785878363763,-572.7730582194058,0.016432172513208703,14.708974745244769,-14.69254257273156,0,22,0.04266144576540043,4.173016610360769
367,2,179.5120800096239,545.6493020486823,-366.13722203905843,0.20227675120116848,8.40738903407303,-8.205112282871863,0,10,4.834100273820695,5.832706359597978
368,3,328.8215562319467,1072.361103862901,-743.5395476309543,0.010148590319542825,9.724838626092167,-9.714690035772623,0,18,0.7487490120297267,2.4493256497812155
369,3,646.8355848397674,1303.260256865151,-656.4246720253835,0.010001173989038726,11.50250268107854,-11.4925015070895,0,27,0.03347760073088679,2.3720839287081645
370,1,661.3743189030662,3464.052537040401,-2802.678218137335,0.019163741056842747,16.96012613285886,-16.940962391802017,0,46,0.0108816869256394,1.90618601249502
371,3,480.27790062019426,1009.85323474971,-529.5753341295158,0.010035041105262531,8.274885068128464,-8.264850027023202,0,15,0.053333095489268345,2.3103396360937225
372,2,95.81632639272556,480.6213534224114,-384.80502702968585,0.004158096863366754,4.548990724922981,-4.5448326280596145,0,7,0.18506508420651002,2.311172745193975
373,2,177.09048414415406,1803.062456983036,-1625.971972838882,0.0281119084110563,13.254720927420848,-13.226609019009793,0,34,0.08307061977196284,2.127606553967137
374,3,401.5647357045745,864.7560730772423,-463.19133737266776,0.0065113950059552984,8.775862937880639,-8.769351542874684,0,16,0.04837525437774204,2.4578885907088015
375,1,319.93494478149,600.1987384872862,-280.26379370579616,0.00935676161281561,4.0210046892397715,-4.011647927626956,0,2,0.049775973943340546,2.3207563843846515
376,1,388.23976372761143,1349.2831897287188,-961.0434260011073,0.013411502188646557,14.368358372810421,-14.354946870621776,0,37,0.038537568956932944,2.166481241052473
377,3,546.4770276025049,1470.527483306064,-924.050455703559,0.04732059367277164,11.828760320836112,-11.78143972716334,0,27,0.1291307337919676,2.376301537217362
378,2,474.3249699688838,1845.670197981026,-1371.3452280121421,0.049708344404505334,12.950475901891949,-12.900767557487443,0,38,0.33877682522518526,1.9809198991456007
379,2,617.4640861055605,1911.151785379607,-1293.6876992740465,0.023349638099825116,11.682169055055077,-11.658819416955252,0,28,0.011814666024079656,2.239278823732363
380,2,105.46536735861005,1100.3106249426041,-994.8452575839941,0.02072884989074194,11.93583913605085,-11.915110286160107,0,31,0.06725654825494942,2.0855593950903675
381,3,240.34247644964734,813.32326391447,-572.9807874648227,0.011652177743549874,7.375713107538432,-7.364060929794881,0,13,0.060486607562207695,2.351494779077779
382,0,828.576648431218,1040.924104695574,-212.34745626435597,0.005494844641996951,9.764034853747853,-9.758540009105856,0,15,0.03944799912386543,4.116651965341958
383,1,583.2768587464195,3107.52820550096,-2524.2513467545405,0.026374913553931567,12.614025528983378,-12.587650615429446,0,31,0.09404565690793021,2.1232081965210767
384,0,647.878532548085,1598.8743079287947,-950.9957753807097,0.014320593675262732,12.619833260109582,-12.605512666434318,0,30,0.0639731423933867,2.323563756085111
385,3,302.9710851522435,1727.6886963681607,-1424.7176112159173,0.012555682620867628,17.372281057682496,-17.35972537506163,0,48,0.0031532944520158424,1.9657610438737052
386,1,309.838786912179,1094.4182339159524,-784.5794470037735,0.010565088772882814,11.055600199227072,-11.04503511045419,0,27,0.043015289869853035,2.283512999055265
387,1,528.9406521066242,1357.104193350784,-828.1635412441599,0.008190780585612047,12.077422552859794,-12.069231772274183,0,29,0.034091388563883385,2.2639513984897697
388,1,342.05636002864094,1605.9721752116293,-1263.9158151829884,0.018437533333633502,12.801925760742803,-12.783488227409169,0,33,0.046048050716770206,2.0519328844063587
389,0,1023.1682572276633,1780.0736282206565,-756.9053709929932,0.01653666617566348,11.909780405803987,-11.893243739628323,0,29,0.0037126833845313456,2.1883052788498887
390,2,1053.618388606912,1566.2587480384211,-512.6403594315091,1.1115160759468916,11.746631528272673,-10.635115452325781,2,21,4.833257914464632,4.831547737996736
391,0,636.5695009004021,1588.029673934339,-951.4601730339368,0.013650811636387173,11.878394480595334,-11.864743668958948,0,28,0.062055954815011916,2.364796774673586
392,3,667.7598974385373,2386.9996209223964,-1719.239723483859,0.011304880918832083,16.85449589026661,-16.843191009347777,0,45,0.014963124735068334,2.1691469989290724
393,2,85.41602328482982,1403.3716426454487,-1317.9556193606188,0.012912124784452994,11.879847099668396,-11.866934974883943,0,31,0.07571606997055014,1.8296598170173546
394,1,527.7786976195983,914.4506868845154,-386.6719892649171,0.03348961183163037,7.25251852499047,-7.21902891315884,0,13,0.2226927104399259,2.358779042747134
395,1,287.33539376372596,1403.7374898403932,-1116.4020960766672,0.014389965419798789,12.416848722887226,-12.402458757467427,0,31,0.04803772176065024,2.2027376363199593
396,2,559.8573647382897,1569.0716382917556,-1009.2142735534659,0.03478428606775978,11.341701959374022,-11.306917673306263,0,29,0.1491678077727947,1.887420586260319
397,3,418.3370849452983,905.3504022864353,-487.013317341137,0.008900229182570208,8.019815408380014,-8.010915179197443,0,14,0.050069400947261755,2.3708114471801416
398,3,1005.3812622936581,1775.5616357920787,-770.1803734984206,0.0564327838564464,11.0861040532074,-11.029671269350954,0,26,0.41449399693225786,2.298282961206592
399,3,346.4275674543511,1380.0047921028056,-1033.5772246484544,0.009473775476308845,12.112391614871276,-12.102917839394967,0,29,0.052387335460519324,2.1752575741573033
400,3,337.1645097094302,1128.3463111049282,-791.181801395498,0.007975799634925647,12.693779535126069,-12.685803735491143,0,32,0.04311720857927881,2.26380448242827
401,1,245.99635888461592,1735.895388832559,-1489.8990299479433,0.021304863971552217,18.1477337472082,-18.12642888323665,0,51,0.014043337678614876,2.006485292193805
402,2,186.27830078827648,1571.7480691536402,-1385.4697683653637,1.046483772982572,16.077139050019174,-15.030655277036601,2,32,4.1902518288624435,4.189127089215532
403,2,256.61971065488683,1513.4940014253307,-1256.8742907704438,1.1051313319285814,16.494066180995897,-15.388934849067317,2,36,4.841152348963863,4.840621867625362
404,3,599.9548611222563,1339.4716641825394,-739.5168030602831,0.005468282651423516,12.139780697356107,-12.134312414704684,0,30,0.03686096813204642,2.2845631375244864
405,1,433.2446360761578,1564.4891962662086,-1131.2445601900508,0.024642434527354002,15.026055035379313,-15.001412600851959,0,38,0.09531629044491652,2.2135917584671745
406,3,604.286307561686,1537.7272769534552,-933.4409693917692,0.01948978766956914,13.667476258486333,-13.647986470816765,0,34,0.022337659896777495,2.19135918117421
407,0,1093.0004107680652,1523.748246090935,-430.74783532286983,0.01487211936880358,9.541344026651421,-9.526471907282618,0,18,0.003589543527688477,2.282029557041021
408,1,450.70975853713884,1745.7222147587388,-1295.0124562216,0.07024898665492978,15.027135320851068,-14.956886334196138,0,39,0.09246367533018685,2.169570020540938
409,0,1218.9970393156957,2012.4112684917848,-793.4142291760891,0.09022269077042844,15.732954025369672,-15.642731334599244,0,32,0.03484889951458214,2.722841725080727
410,1,397.75076105790777,1593.6364761327238,-1195.885715074816,0.015606751966811223,11.86173908792676,-11.846132335959949,0,30,0.04367264918174385,2.0988289331019736
411,0,548.8946148243562,1025.2865452530637,-476.3919304287075,0.008824699653784135,9.884601409303091,-9.875776709649307,0,16,0.06472698580904535,2.8794255750474242
412,3,588.4996359648138,1479.0476587542378,-890.548022789424,0.006186559566489179,12.863560838721924,-12.857374279155435,0,32,0.04048115603718827,2.272167306438469
413,1,380.67334842676655,1267.9051359107182,-887.2317874839516,0.010781942291785923,12.214379921595535,-12.20359797930375,0,30,0.03950429174594916,2.251739738200264
414,3,334.980673712206,1700.3879569986136,-1365.4072832864076,0.014322431056440118,17.447860655939746,-17.433538224883307,0,47,0.05158041906171107,2.0478104588124246
415,1,593.1810840854554,2304.8723329287823,-1711.6912488433268,0.045593118595342506,18.255951203625834,-18.210358085030492,0,51,0.34548713427278344,1.8796885733465736
416,2,354.7951536938128,1873.463188143009,-1518.668034449196,0.023150247203319596,14.43026159040094,-14.40711134319762,0,39,0.008299291923663077,1.9119909700889046
417,0,938.1667740966332,1570.6326593587255,-632.4658852620923,0.3223670825448884,12.038800744241827,-11.71643366169694,1,29,1.708940041930056,2.2647108791382493
418,2,268.7633050823615,495.11433071717,-226.35102563480848,0.21263515925359758,7.931999431905131,-7.719364272651533,0,10,4.88105931853714,5.87973776435318
419,3,556.5058332681139,1711.219709514095,-1154.7138762459813,0.007148436973449712,13.49858244041537,-13.49143400344192,0,34,0.046121563269451826,2.166298454869114
420,2,342.9248935129005,1059.9961975320875,-717.071304019187,1.0980902790721208,12.284136703131296,-11.186046424059175,2,22,4.846576757447529,4.846050090806294
421,0,1154.263295449274,1111.2416241819822,43.02167126729182,0.0041027713034518945,8.20580248753295,-8.201699716229497,0,5,0.06890778768714867,4.316216483283238
422,1,609.1592364747017,2617.6884648833434,-2008.5292284086418,0.021574297101248918,18.2821921374094,-18.26061784030815,0,50,0.03449469154521623,1.9034798107314046
423,2,250.66226518403272,596.1174815901014,-345.4552164060687,0.009453185128025654,4.326542553377433,-4.317089368249407,0,8,0.12856048109795637,2.1020679362668666
424,1,461.9952875017194,1278.5019620749758,-816.5066745732564,0.011067390313096656,10.834344988276223,-10.823277597963127,0,25,0.03824384952486426,2.3038746001952433
425,0,974.3349377622385,1910.4052492374285,-936.07031147519,0.049954872064608136,15.058588868389627,-15.008633996325019,0,31,0.3509711429808746,2.2938639719313727
426,0,1069.5234198243108,1903.5100166600748,-833.986596835764,0.016130905987810456,15.057645013489557,-15.041514107501747,0,31,0.003644130558228653,2.291844997396751
427,3,760.2110642773843,2232.4266487950913,-1472.2155845177072,0.04076444219493972,17.27180995949747,-17.23104551730253,0,48,0.009388932707974362,1.854705035275643
428,1,431.5709227375936,1607.6604932402097,-1176.089570502616,0.012538045503274363,12.586666209743173,-12.574128164239898,0,31,0.043041842315744816,2.200547223911954
429,0,1146.3077286061198,1811.9616551120796,-665.6539265059598,0.07204924711123624,14.53931392728037,-14.467264680169134,0,20,0.5358451523279122,4.190116084143366
430,0,957.0094824504296,2146.3873703741347,-1189.3778879237052,0.017271403899347854,13.12616643250054,-13.108895028601191,0,34,0.0037310313090159752,2.1886781301693325
431,3,625.769015130615,1926.841896083159,-1301.072880952544,0.0060632878535615995,13.681942370955435,-13.675879083101872,0,34,0.04654685633033395,2.1540070658377246
432,3,618.8656385316397,2103.0846134577523,-1484.2189749261127,0.01753761598959347,17.752678986530753,-17.73514137054116,0,48,0.09681211323325556,2.0436101282733112
433,1,261.9838752691528,1441.2334171173775,-1179.2495418482247,0.016884034423574067,12.244456955217714,-12.22757292079414,0,30,0.051181609437904285,2.1466861017855727
434,3,625.8798831056699,1565.148914822493,-939.2690317168231,0.005135727581333352,12.599190947570245,-12.594055219988912,0,32,0.03865730261134459,2.1652521378462204
435,2,39.427474677027206,1380.1761340881653,-1340.748659411138,0.0419258751585098,15.888617077293873,-15.846691202135363,0,42,0.2359532271564575,2.087032400297268
436,3,374.1016559770518,1380.9381249965031,-1006.8364690194513,0.04894587546428183,10.938681059362464,-10.889735183898182,0,27,0.37528426184757535,2.3059298780833544
437,2,600.5306222132824,1685.0043218725302,-1084.4736996592478,0.5789906583158652,12.09270087242244,-11.513710214106576,1,25,2.585662763359238,2.5782729794999852
438,3,284.4409604262353,1968.1428754048438,-1683.7019149786086,0.015676416692492017,19.394966961952424,-19.37929054525993,0,52,0.003790662620634322,2.0341376329565506
439,1,493.41888463975147,2226.967290408171,-1733.5484057684193,0.017574332352486104,19.296390537658628,-19.278816205306143,0,54,0.004742376413688021,1.9844004455261945
440,0,797.8448636102795,1436.4596658325672,-638.6148022222877,0.024296670408825438,15.020391259568276,-14.996094589159451,0,28,0.02515838999294573,2.4910216560188196
441,2,163.4501504707283,1266.4247508290732,-1102.974600358345,0.015490630411750646,9.637410212590767,-9.621919582179016,0,22,0.057366874179571425,2.2452946514433307
442,2,244.31570771078927,551.9042776727854,-307.5885699619961,0.08776158120059617,7.582703506505887,-7.494941925305291,0,10,2.6871356163277227,3.671607652689417
443,0,846.9214181882297,1373.8458659024989,-526.9244477142691,0.016972413530111547,12.651612642211566,-12.634640228681453,0,29,0.003443072920870094,2.344470864174653
444,2,280.903634059029,1494.503140260586,-1213.599506201557,0.01494844361866248,11.18957840461133,-11.174629960992668,0,30,0.06401971113065841,1.8947710513071456
445,0,1074.5972624844028,1854.3051894627517,-779.707926978349,0.02756426960575616,15.204060504508226,-15.17649623490247,0,31,0.029834013713497143,2.551010887503054
446,0,1289.483482099788,1724.196643332906,-434.71316123311794,0.046180676516236745,9.65314851190732,-9.606967835391083,0,20,0.22138326365976724,2.451307134956849
447,1,342.0345371151712,1036.0183434722026,-693.9838063570314,0.01011295650271002,8.733734050677244,-8.723621094174534,0,16,0.046908429857452916,2.457008462054592
448,3,873.3314259944639,1862.7376229394959,-989.406196945032,0.014430696696872136,12.623521647230532,-12.60909095053366,0,31,0.03785497657122505,2.2344197886772896
449,3,793.0810007348734,1209.539060473166,-416.4580597382926,0.07971402973921025,7.685078483598438,-7.605364453859227,0,15,0.6560790130189922,2.4206937041051333
450,0,1281.727528142237,2065.835437836533,-784.107909694296,0.017206796833705424,15.14803254793648,-15.130825751102776,0,22,0.04135457117724428,4.235366801219289
451,2,237.36145080044156,1357.0784698962175,-1119.7170190957759,0.0104026507865258,10.819384883460947,-10.80898223267442,0,29,0.06430432434890321,1.9313125715611363
452,2,71.57653472263311,1166.3953641153694,-1094.8188293927362,0.02207644130653548,11.336271963549683,-11.314195522243148,0,30,0.07386238727408312,1.9918860251042325
453,2,439.2583326422562,1595.8401194960536,-1156.5817868537974,0.012040211271901533,11.155348843846236,-11.143308632574334,0,27,0.04147680414459032,2.161325244029193
454,1,630.1193074523477,1528.4358627347817,-898.316555282434,0.008031303216331465,12.927482943427046,-12.919451640210715,0,32,0.03109326897850906,2.169038563727181
455,2,294.10423909728047,1462.2687930316572,-1168.1645539343767,1.1222452157290044,16.026502237385923,-14.90425702165692,2,37,4.885968586901672,4.885467907885559
456,1,320.52131626621554,2092.267784679212,-1771.7464684129966,0.024909054949050862,17.835800400785537,-17.810891345836485,0,48,0.03916584311931359,2.05150601842945
457,1,241.24428069771227,1384.2880121728633,-1143.0437314751512,0.04891253152047235,13.751735826262633,-13.702823294742162,0,35,0.13010326512168646,2.104412938673619
458,1,500.4183243101264,1476.4184417401098,-976.0001174299833,0.014273310395750529,11.84756151722364,-11.83328820682789,0,29,0.04072749487252025,2.2724915797949308
459,1,703.4986905858697,1635.2618904805067,-931.7631998946371,0.010779349156769707,13.121084872327375,-13.110305523170604,0,33,0.0317886796759943,2.287913339901756
460,0,753.2471385581954,1649.0466293399581,-895.7994907817628,0.014058649263700582,11.610740663676076,-11.596682014412375,0,28,0.058051273297746064,2.395646900776782
461,3,379.62695625809414,1799.7306135893857,-1420.1036573312915,0.020511072272187583,12.222078464181513,-12.201567391909325,0,31,0.07795321174394587,2.0385091355817373
462,2,344.58723945278405,2029.0644712003584,-1684.4772317475745,0.020950114456352125,14.170135151253369,-14.149185036797016,0,37,0.03186375467772251,2.1095990693473894
463,2,-105.72751902820619,1355.3158716455434,-1461.0433906737496,0.027649685434474696,14.900328452014563,-14.872678766580089,0,39,0.0930363968956982,2.139519637987199
464,0,733.0217365620148,1293.3390239827686,-560.3172874207538,0.06546639503691758,9.875632745274595,-9.810166350237678,0,24,0.2535975464420801,2.2429388963870487
465,1,793.223417622781,1421.0380338341881,-627.8146162114072,0.011120248741976419,9.40952727851504,-9.398407029773063,0,20,0.027708965494721127,2.354400365961361
466,2,360.65437841188276,1495.2295256429277,-1134.5751472310449,0.011951211431162395,10.522409255414933,-10.510458043983771,0,26,0.0692211969943628,1.9249369119518143
467,0,770.2576937228473,905.3216729457533,-135.06397922290603,0.01266962202097959,5.641062839094141,-5.628393217073161,0,8,0.04638296581579837,2.344393274175264
468,0,1188.06883427646,1527.1528670942525,-339.0840328177926,0.009532888129754979,9.787462356134048,-9.777929468004293,0,16,0.07995278049683563,2.798941165703525
469,0,651.0863281086965,1462.1876484563873,-811.1013203476907,0.013566195833114974,12.609607915088032,-12.596041719254918,0,30,0.057424115817362065,2.3256895778369753
470,3,985.8209912884146,2129.8731747937327,-1144.0521835053182,0.011131067472569903,13.971281435398929,-13.960150367926358,0,35,0.009440318924266222,2.1509482901454433
471,1,507.42172702540756,1558.1065767295693,-1050.6848497041617,0.012952545746504432,14.374660634798078,-14.361708089051573,0,37,0.004042018011016779,2.2186064756868227
472,1,507.9266653225035,1202.2174011392158,-694.2907358167123,0.00843897703845369,11.112461124940355,-11.104022147901901,0,24,0.041054089494377166,2.5548169855042495
473,1,628.4165800924413,1415.7946912692992,-787.3781111768578,0.007955823875579372,12.054012347836865,-12.046056523961285,0,30,0.029272382242652384,2.2194961306691496
474,1,691.8402088863974,1268.4585052664263,-576.6182963800289,0.005630627776058637,10.655223664324028,-10.64959303654797,0,19,0.03691718264982313,3.006342332695528
475,1,523.2272171935243,991.7464584610964,-468.51924126757206,0.008732365678463484,7.360973031859058,-7.352240666180594,0,12,0.2547543552118512,2.4710185090220698
476,3,626.0985905397058,1514.5177356753948,-888.419145135689,0.009069797285525262,12.056532601562383,-12.047462804276858,0,28,0.03974554966702115,2.354658311741627
477,2,-8.475245608931175,1474.8402822541855,-1483.3155278631166,0.05607269333331455,9.28570864210802,-9.229635948774705,0,19,0.37227936985942733,2.3074332054234574
478,0,940.935919136054,1424.4152274808118,-483.4793083447578,0.019550050851962302,10.262859117278387,-10.243309066426425,0,24,0.0377261631570498,2.3680151747816005
479,2,339.64586490512426,3170.389798941479,-2830.743934036355,0.018319558763607337,10.496414273984568,-10.47809471522096,0,24,0.07989308510514448,2.2347112950094115
480,3,862.0943369668425,1331.463953256808,-469.3696162899655,0.00783508646496756,9.12371083643046,-9.115875749965493,0,18,0.11817263923465404,2.432049110828167
481,2,246.34838370014117,990.9076924625922,-744.559308762451,0.06486405174781744,8.492809112622224,-8.427945060874407,0,16,0.4326860849909977,2.3373353354206365
482,0,1094.4356770714994,1422.9545021138888,-328.5188250423894,0.014585181554912584,11.492519795374749,-11.477934613819837,0,21,0.020668097705662802,4.166911100877616
483,0,945.8021213420793,1279.2199428843335,-333.41782154225416,0.010603136875683808,9.314592619655558,-9.303989482779874,0,17,0.023161471501516928,4.060868088201225
484,3,456.1172566277522,1465.1079131455272,-1008.9906565177749,0.01132404059364997,14.682270269859776,-14.670946229266127,0,39,0.04626726117098556,2.1224601071719036
485,3,456.43967778514417,1200.6737228097636,-744.2340450246195,0.009205979098547057,11.613845603297106,-11.604639624198558,0,27,0.04443088283433738,2.3635082388084037
486,1,355.43140432481465,1496.0792204520726,-1140.647816127258,0.016794054056399704,14.77095211222125,-14.754158058164851,0,39,0.005574443653380001,2.1597875421626327
487,2,398.21011239453543,2231.6436797716333,-1833.433567377098,0.021884409912699132,15.567819328905806,-15.545934918993106,0,40,0.027519389544636397,2.081405736552888
488,3,817.1157867284163,1025.6915666418954,-208.5757799134791,0.007257736454809535,6.546754857778088,-6.539497121323278,0,11,0.024487440291252938,2.5409398974148623
489,3,551.5682552477934,1562.0817340723886,-1010.5134788245952,0.033396904621226416,13.038569147279212,-13.005172242657986,0,34,0.2534755715638788,2.1242073309646052
490,2,69.417328670378,1896.604656784395,-1827.187328114017,0.03525271565139746,16.02473201764644,-15.989479301995042,0,42,0.008586895180144438,2.0646044840002347
491,1,494.2948181060754,2107.8988583248747,-1613.6040402187994,0.021590522627366788,14.15557283400196,-14.133982311374593,0,36,0.0054103054808223305,1.9129839930789103
492,3,386.4533352296694,2386.253729906737,-1999.8003946770677,0.021798955815831578,19.45900281117599,-19.437203855360156,0,55,0.04498020803048064,1.9557977994361124
493,3,584.6857041158438,1504.2583619901893,-919.5726578743455,0.0969797221921715,12.825948919297403,-12.728969197105231,0,32,0.8860428949401893,2.1801316794994072
494,2,803.0183717950722,1661.351328926879,-858.3329571318068,0.6137016724255792,12.60438849571293,-11.990686823287351,1,27,2.916310434072429,2.9033306882075607
495,0,808.8440793217204,1620.2449810894805,-811.40090176776,0.014203590146434944,10.876792912985602,-10.862589322839167,0,25,0.05639965636340705,2.37794421908324
496,0,1139.1883049497076,1382.9668566357916,-243.77855168608403,0.04348158265831792,8.96571653066036,-8.922234948002043,0,18,0.029630517174535242,2.4047699935571707
497,0,840.9282448298328,1231.524024989472,-390.5957801596393,0.0068727084105506394,10.467448356990172,-10.46057564857962,0,16,0.05260946110461617,4.112796350613376
498,1,691.2495646777064,1921.3125108081038,-1230.0629461303974,0.3252285011281371,15.741329981034495,-15.416101479906358,1,41,1.2157735278252666,2.18716419340986
499,3,223.1313995404754,1622.3591873824182,-1399.2277878419427,0.054217606550441465,17.527742873785794,-17.473525267235352,0,48,0.009931482879778741,2.012056893771579
500,2,418.16429171107814,1654.3202503258872,-1236.1559586148092,0.8149682229172163,15.085775324980135,-14.27080710206292,2,35,3.893653594937998,3.892059766736704
501,3,371.3698677669153,2246.647930328602,-1875.2780625616865,0.013736681682890625,18.881962435031834,-18.868225753348945,0,52,0.008354712472659287,2.031171084913879
502,0,997.2942855147567,1065.7594299044445,-68.4651443896878,0.02900206743628077,8.927629801970802,-8.898627734534521,0,9,1.5043645698852117,4.13211018788725
503,1,192.0660001461916,1035.0052784520321,-842.9392783058405,0.059570385802334626,10.425553835715935,-10.3659834499136,0,23,0.13678131701208684,2.34261938538679
504,3,618.6823380416564,1019.9621820434088,-401.2798440017524,0.008401842513084524,10.173541718249853,-10.165139875736768,0,14,0.29053584348775274,4.161727427416359
505,3,269.5114505473684,1846.728809533374,-1577.2173589860056,0.05574244719941094,12.813672394877713,-12.757929947678303,0,31,0.019592885616521727,2.071774041534937
506,2,136.64591157393133,1268.2650108373036,-1131.6190992633724,0.01547102849886177,11.280001591819818,-11.264530563320957,0,27,0.05539172202666265,2.063571966051203
507,2,420.5254184862209,1435.795399127377,-1015.2699806411563,0.012161687759623457,11.001974249593408,-10.989812561833784,0,28,0.05816673146579632,1.8378393396303814
508,2,284.1494971832408,1274.708110987738,-990.5586138044973,0.010831884679078066,11.54816976338909,-11.537337878710012,0,31,0.06013745412786875,1.9330893610246953
509,3,241.41154569552555,1505.890008918816,-1264.4784632232904,0.014351571042463596,14.590139125947426,-14.575787554904961,0,39,0.05941217274558497,2.0935536100793755
510,1,680.7725842103108,2305.966887998438,-1625.194303788127,0.01306618428381016,18.828120512986324,-18.815054328702512,0,53,0.003565646784906562,2.1112106524495218
511,3,251.42998376189175,1233.1070709527798,-981.6770871908881,0.04956138753814345,12.168266719376431,-12.118705331838289,0,29,0.13413782536431995,2.3108219967147434
512,1,465.5529342735001,1614.2158528965024,-1148.6629186230023,0.015568379703207761,11.872042275419718,-11.85647389571651,0,31,0.041299586982745495,2.0786242126985606
513,3,512.2983499894091,1014.5155843530648,-502.21723436365573,0.0070362999419818495,8.9560872066152,-8.949050906673218,0,19,0.02957541002851727,2.4181811576069627
514,3,393.42902368646406,1544.229899348436,-1150.800875661972,0.010055807330857635,13.05155402398073,-13.041498216649872,0,35,0.05150025125340463,2.150191728217706
515,0,1043.8448424928026,1670.918123998716,-627.0732815059134,0.34112684562036494,13.44854644404151,-13.107419598421144,1,19,1.820061946180072,4.156937161974643
516,0,1217.065304109182,2129.2321796270908,-912.1668755179087,0.0774444396491547,15.215867320113043,-15.138422880463889,0,30,0.565682591321611,2.352620129646464
517,2,42.37995699215137,1092.470397857645,-1050.0904408654935,0.014759598810698028,13.407607011600568,-13.39284741278987,0,35,0.0535828253407864,2.0732442535472515
518,1,924.1104648235709,2027.6392690402813,-1103.5288042167103,0.02147673476303411,11.666075514555788,-11.644598779792753,0,30,0.12776339239051282,2.097034801303991
519,2,436.85293236130383,1336.830934903759,-899.9780025424552,0.021154164234006456,13.128883150708752,-13.107728986474745,0,33,0.0502831874869365,2.146037547038542
520,1,769.1958600870059,2962.4301281153125,-2193.2342680283064,0.021410046459506473,13.346657745796412,-13.325247699336906,0,34,0.07662684370787787,2.3019541035364597
521,0,1124.5597218115486,1653.328260410658,-528.7685385991094,0.009730513120815415,11.05774280081316,-11.048012287692345,0,20,0.01349817365279904,4.1118428154195925
522,1,302.1622818297099,1327.3994297401277,-1025.237147910418,0.014745776958747764,13.31711973883644,-13.302373961877693,0,34,0.04354716132952419,2.156485812018115
523,1,228.90051650663457,1686.2494850275132,-1457.3489685208785,0.02671938232384023,13.800293923344361,-13.77357454102052,0,36,0.00621253840992253,1.8799039174802985
524,0,927.3699014524232,1719.3859349194636,-792.0160334670404,0.015501187512002948,12.92694968727543,-12.911448499763427,0,32,0.004115954705923741,2.294321253965691
525,2,29.37391511094238,1167.4165708155424,-1138.0426557046,0.047974898338527895,15.352531333533705,-15.304556435195177,0,39,0.019011180586897325,2.013276293416837
526,2,281.88334898309097,1967.1502299575618,-1685.266880974471,0.022678205107761196,15.452876482986897,-15.430198277879136,0,41,0.005597038454933312,2.0249880298886893
527,3,608.1181741749584,2108.499701085804,-1500.3815269108459,0.007850209156260446,17.434679411129938,-17.42682920197368,0,49,0.009614913776026413,2.0171731247808324
528,0,924.6458436548039,1174.5936955797047,-249.94785192490076,0.021267462897235898,11.253057768966498,-11.231790306069263,0,21,0.09394400638576528,4.101955504781767
529,0,1019.9670768108632,1461.8323381960627,-441.86526138519946,0.014910915993691468,8.042980165091672,-8.02806924909798,0,18,0.003929208946136242,2.131095620217149
530,1,449.90054580955785,1075.8686193248618,-625.968073515304,0.10576120559929625,8.279934157643984,-8.174172952044687,0,17,0.5022751769628861,2.384057644048493
531,2,513.5358561268728,2056.7107285286493,-1543.1748724017766,1.1114485641446137,17.59685157457432,-16.485403010429707,2,39,4.837515169319516,4.836981111702329
532,3,433.86886884106764,2184.5698177635886,-1750.700948922521,0.017857105815703617,16.929314041844957,-16.911456936029253,0,46,0.007195491046548597,1.8823209697231533
533,2,445.1443609546783,1461.9071344648337,-1016.7627735101554,0.020164241331255453,8.925236918585231,-8.905072677253976,0,19,0.08654150143173212,2.3136592868992025
534,2,451.68901792177127,1408.139255699298,-956.4502377775268,1.095139892508474,12.145365232745618,-11.050225340237144,2,24,4.817771629772931,4.817224101506024
535,1,657.4567680027092,1512.7033655690489,-855.2465975663397,0.009432997076496934,12.130794744849966,-12.12136174777347,0,28,0.03361678335324214,2.276279234251078
536,3,579.8265799422135,832.1055830076099,-252.2790030653964,0.00903244098019867,8.098946595554311,-8.089914154574112,0,15,0.029744266824501153,2.436109528955903
537,1,251.57028860013222,1445.360192674924,-1193.7899040747918,0.01684513713311973,13.419474701812852,-13.402629564679733,0,37,0.04642942797684668,2.122508188233809
538,0,780.0647274254534,2420.6193966580845,-1640.554669232631,0.018132932229106096,17.189674200955952,-17.171541268726845,0,47,0.005163025533736487,1.982859532074798
539,1,774.939145245457,1602.3178713705665,-827.3787261251096,0.015093071726372817,12.433360438853681,-12.418267367127308,0,30,0.09485481003996554,2.288280171698762
540,1,83.65973727959687,1464.6151938019161,-1380.9554565223193,0.07771694067323327,16.942843582904516,-16.86512664223128,0,46,0.009915179743337887,2.081600997751565
541,1,366.48287112889767,1425.9251968808617,-1059.442325751964,0.011594223555271344,12.238997560036323,-12.227403336481052,0,29,0.0454871873949827,2.2908129655151726
